Id,OwnerUserId,CreationDate,ParentId,Score
15,6,2010-07-19T19:19:46Z,1,16
98,39,2010-07-19T20:23:57Z,1,14
154,108,2010-07-19T22:40:47Z,1,24
218,187,2010-07-20T05:13:21Z,1,2
2696,319,2010-09-15T21:08:26Z,1,7
20,37,2010-07-19T19:24:35Z,2,4
59,39,2010-07-19T19:43:20Z,2,27
357,3807,2010-07-20T23:07:48Z,2,5
9414,3911,2011-04-10T14:30:50Z,2,3
11969,5025,2011-06-16T06:25:08Z,2,8
17397,686,2011-10-21T20:16:03Z,2,27
33936,11887,2012-08-08T17:27:51Z,2,2
5,23,2010-07-19T19:14:43Z,3,85
9,50,2010-07-19T19:16:27Z,3,13
14,36,2010-07-19T19:19:03Z,3,5
16,8,2010-07-19T19:22:31Z,3,16
24,61,2010-07-19T19:26:13Z,3,19
28,NA,2010-07-19T19:28:12Z,3,6
42,80,2010-07-19T19:33:19Z,3,14
178,74,2010-07-19T23:48:50Z,3,9
297,56,2010-07-20T13:08:42Z,3,5
598,22,2010-07-24T20:15:20Z,3,5
1411,183,2010-08-08T14:33:24Z,3,14
2347,930,2010-09-03T14:42:15Z,3,12
2353,795,2010-09-03T16:27:56Z,3,15
7105,795,2011-02-11T17:52:56Z,3,3
7106,1764,2011-02-11T18:44:38Z,3,6
7186,1808,2011-02-14T07:39:27Z,3,7
7411,21874,2011-02-20T07:03:34Z,3,1
10973,4329,2011-05-19T13:31:00Z,3,2
33938,11887,2012-08-08T17:40:36Z,3,2
133,139,2010-07-19T21:31:53Z,4,-1
135,39,2010-07-19T21:36:12Z,4,10
383,251,2010-07-21T06:28:43Z,4,4
2453,187,2010-09-07T23:43:17Z,4,7
2464,881,2010-09-08T03:00:19Z,4,0
13,23,2010-07-19T19:18:56Z,6,18
74,88,2010-07-19T19:51:34Z,6,45
406,256,2010-07-21T12:43:00Z,6,19
413,223,2010-07-21T13:48:15Z,6,9
607,30,2010-07-25T03:29:41Z,6,119
1433,438,2010-08-09T10:12:35Z,6,45
1443,521,2010-08-09T13:51:29Z,6,11
7219,1347,2011-02-14T22:09:41Z,6,96
23583,8797,2012-02-23T20:59:04Z,6,6
27799,11032,2012-05-04T21:08:26Z,6,16
27848,5739,2012-05-05T16:59:11Z,6,3
61116,26598,2013-06-07T02:41:57Z,6,10
70177,30363,2013-09-16T19:53:06Z,6,-3
73180,7817,2013-10-18T19:17:41Z,6,45
79429,36080,2013-12-12T06:28:14Z,6,10
142286,13586,2015-03-18T12:06:25Z,6,4
142288,4253,2015-03-18T12:14:33Z,6,12
202869,83945,2016-03-21T20:33:00Z,6,3
207341,100507,2016-04-14T15:25:12Z,6,2
12,5,2010-07-19T19:18:41Z,7,21
18,36,2010-07-19T19:24:18Z,7,39
19,55,2010-07-19T19:24:21Z,7,13
27,68,2010-07-19T19:28:12Z,7,4
70,22,2010-07-19T19:48:45Z,7,16
201,183,2010-07-20T03:11:36Z,7,9
291,211,2010-07-20T12:35:43Z,7,9
296,127,2010-07-20T12:54:28Z,7,11
351,16,2010-07-20T21:05:35Z,7,4
387,69,2010-07-21T07:04:26Z,7,46
467,115,2010-07-21T21:04:03Z,7,7
2383,976,2010-09-05T09:22:57Z,7,2
2438,830,2010-09-07T08:58:26Z,7,9
2974,957,2010-09-22T16:22:51Z,7,1
2987,635,2010-09-22T23:57:02Z,7,2
3003,1392,2010-09-23T06:10:48Z,7,1
3774,1629,2010-10-19T18:41:58Z,7,2
4357,253,2010-11-09T19:00:39Z,7,0
7350,3291,2011-02-18T00:06:24Z,7,0
21082,3903,2012-01-14T02:49:40Z,7,1
44084,16989,2012-11-21T04:04:55Z,7,0
78764,25629,2013-12-06T14:34:26Z,7,1
80522,14413,2013-12-25T11:43:32Z,7,0
80717,16097,2013-12-28T06:53:10Z,7,0
117697,56864,2014-10-03T00:18:43Z,7,2
140575,7290,2015-03-06T00:13:52Z,7,3
153,145,2010-07-19T22:39:27Z,10,8
543,183,2010-07-23T07:13:03Z,10,6
1887,930,2010-08-19T10:00:00Z,10,24
41050,16188,2012-10-23T17:33:41Z,10,-1
1201,666,2010-08-03T21:50:09Z,11,1
29,36,2010-07-19T19:28:15Z,17,6
2195,1098,2010-08-29T20:01:34Z,21,2
56,NA,2010-07-19T19:42:28Z,22,116
176,81,2010-07-19T23:40:01Z,22,34
348,24,2010-07-20T19:54:13Z,22,-5
434,215,2010-07-21T15:50:43Z,22,45
1602,887,2010-08-12T14:53:36Z,22,69
5121,485,2010-12-04T03:06:00Z,22,28
5126,1789,2010-12-04T06:54:30Z,22,23
14911,2392,2011-08-28T15:51:23Z,22,19
21607,7972,2012-01-24T10:01:40Z,22,1
27806,11032,2012-05-04T22:03:18Z,22,3
31160,7817,2012-06-26T18:36:43Z,22,14
60210,26181,2013-05-28T10:07:57Z,22,6
79605,36160,2013-12-13T18:37:46Z,22,3
173329,89923,2015-09-20T12:28:45Z,22,-3
201409,108429,2016-03-13T11:04:31Z,22,-4
91,87,2010-07-19T20:15:54Z,23,14
189,173,2010-07-20T00:59:34Z,23,6
32,5,2010-07-19T19:29:06Z,25,14
43,74,2010-07-19T19:33:37Z,25,7
273,216,2010-07-20T11:18:01Z,25,1
4110,1764,2010-11-01T19:45:21Z,25,2
4134,439,2010-11-02T11:17:57Z,25,2
4135,1766,2010-11-02T12:04:30Z,25,4
111769,32175,2014-08-13T20:29:48Z,25,0
128985,63748,2014-12-13T18:45:34Z,25,0
207898,112562,2016-04-18T05:39:14Z,25,0
41,83,2010-07-19T19:33:13Z,26,9
46,62,2010-07-19T19:35:04Z,26,0
61,74,2010-07-19T19:44:35Z,26,25
339,218,2010-07-20T17:31:49Z,26,1
451,215,2010-07-21T17:38:08Z,26,5
514,266,2010-07-22T15:36:53Z,26,2
21941,6096,2012-01-30T11:02:55Z,26,-1
56652,3262,2013-04-20T01:26:50Z,26,1
55,56,2010-07-19T19:41:39Z,30,9
380,88,2010-07-21T06:15:36Z,30,4
397,8,2010-07-21T11:11:47Z,30,6
474,260,2010-07-22T03:21:18Z,30,6
664,319,2010-07-26T20:12:15Z,30,3
1226,319,2010-08-04T11:48:13Z,30,3
1238,729,2010-08-04T14:47:27Z,30,1
1240,334,2010-08-04T15:11:13Z,30,2
101,NA,2010-07-19T20:32:08Z,31,95
295,62,2010-07-20T12:52:55Z,31,12
313,226,2010-07-20T15:10:15Z,31,9
319,71,2010-07-20T15:33:42Z,31,23
427,215,2010-07-21T15:33:11Z,31,34
568,92,2010-07-23T17:29:50Z,31,5
1682,887,2010-08-14T07:52:35Z,31,6
20736,8400,2012-01-08T03:36:29Z,31,-4
45319,16989,2012-12-07T02:06:14Z,31,2
108490,52358,2014-07-19T03:34:11Z,31,-7
122437,59667,2014-11-03T01:21:12Z,31,-2
130689,42371,2014-12-30T08:50:54Z,31,2
130772,919,2014-12-30T21:50:39Z,31,54
138065,67799,2015-02-17T15:59:05Z,31,1
49,5,2010-07-19T19:36:52Z,33,6
184,159,2010-07-20T00:21:58Z,33,7
12088,3929,2011-06-19T09:40:20Z,33,1
38,61,2010-07-19T19:32:28Z,35,2
72,96,2010-07-19T19:51:05Z,35,7
63,87,2010-07-19T19:45:19Z,36,29
77,74,2010-07-19T19:54:03Z,36,19
443,215,2010-07-21T17:06:32Z,36,9
519,270,2010-07-22T16:32:57Z,36,4
528,3807,2010-07-22T22:33:37Z,36,2
618,54,2010-07-25T18:02:06Z,36,19
676,288,2010-07-26T20:49:33Z,36,2
1689,144,2010-08-14T17:42:41Z,36,3
1690,942,2010-08-14T17:59:20Z,36,4
1692,495,2010-08-14T19:50:51Z,36,11
1710,582,2010-08-15T15:33:31Z,36,3
1734,961,2010-08-16T11:00:11Z,36,5
1743,887,2010-08-16T15:29:24Z,36,4
2529,1048,2010-09-10T07:40:27Z,36,2
2532,603,2010-09-10T10:48:33Z,36,4
18070,7275,2011-11-08T04:46:44Z,36,14
18074,686,2011-11-08T11:34:10Z,36,18
18079,2817,2011-11-08T14:43:23Z,36,5
45442,25,2012-12-08T20:35:03Z,36,16
45919,17463,2012-12-14T15:27:00Z,36,0
45975,25,2012-12-15T16:02:28Z,36,3
46044,17886,2012-12-16T21:59:01Z,36,8
67862,19815,2013-08-20T13:56:31Z,36,1
84309,38468,2014-02-03T19:21:44Z,36,6
87081,8871,2014-02-18T22:12:35Z,36,1
99769,45382,2014-05-22T23:55:03Z,36,-2
121601,59420,2014-10-27T15:24:39Z,36,3
124914,61177,2014-11-21T02:17:47Z,36,3
721,251,2010-07-27T05:40:44Z,39,4
45,55,2010-07-19T19:34:44Z,40,5
111,8,2010-07-19T20:41:24Z,40,8
219,154,2010-07-20T05:21:14Z,40,3
83559,38075,2014-01-28T07:46:08Z,40,0
67,36,2010-07-19T19:47:16Z,44,2
84,41,2010-07-19T20:03:34Z,44,6
89,55,2010-07-19T20:11:47Z,44,5
102,22,2010-07-19T20:32:14Z,44,1
1696,942,2010-08-14T21:55:32Z,44,5
60,41,2010-07-19T19:43:20Z,47,1
268,107,2010-07-20T11:01:06Z,47,3
285,183,2010-07-20T12:26:39Z,47,1
4838,2108,2010-11-23T18:59:58Z,47,2
57,69,2010-07-19T19:42:34Z,50,3
85,87,2010-07-19T20:08:00Z,50,23
86,13,2010-07-19T20:08:37Z,50,9
163,81,2010-07-19T23:17:53Z,50,8
284,215,2010-07-20T12:25:30Z,50,2
54894,919,2013-04-01T18:14:19Z,50,36
108414,26140,2014-07-18T11:34:37Z,50,0
222371,46481,2016-07-06T07:58:28Z,50,5
64,5,2010-07-19T19:46:08Z,51,6
78,8,2010-07-19T19:54:38Z,53,73
294,211,2010-07-20T12:47:39Z,53,37
22126,8906,2012-02-01T23:13:09Z,53,23
62645,27330,2013-06-26T15:28:14Z,53,-4
174837,36041,2015-09-30T13:54:30Z,53,4
181198,94734,2015-11-11T05:16:31Z,53,1
65,8,2010-07-19T19:46:11Z,54,15
66,41,2010-07-19T19:46:11Z,54,6
69,56,2010-07-19T19:47:49Z,54,3
79,25,2010-07-19T19:56:04Z,54,4
46564,919,2012-12-26T19:02:24Z,54,11
71,36,2010-07-19T19:50:33Z,58,2
2333,887,2010-09-03T08:28:20Z,58,10
6988,223,2011-02-08T12:47:57Z,58,14
80,93,2010-07-19T19:56:43Z,62,9
327,3807,2010-07-20T16:19:51Z,62,2
76,5,2010-07-19T19:52:49Z,73,23
81,69,2010-07-19T19:58:56Z,73,8
99,88,2010-07-19T20:25:08Z,73,8
252,81,2010-07-20T09:13:29Z,73,6
281,215,2010-07-20T11:59:56Z,73,4
316,36,2010-07-20T15:20:38Z,73,8
714,NA,2010-07-27T04:27:33Z,73,8
736,300,2010-07-27T07:24:19Z,73,4
745,NA,2010-07-27T08:42:25Z,73,3
747,144,2010-07-27T09:00:42Z,73,6
757,439,2010-07-27T09:51:19Z,73,4
818,480,2010-07-27T16:37:42Z,73,2
840,288,2010-07-27T18:33:56Z,73,2
901,11,2010-07-28T13:59:49Z,73,2
1044,319,2010-07-30T15:43:28Z,73,6
10491,2817,2011-05-08T02:26:21Z,73,4
10504,686,2011-05-08T11:53:51Z,73,2
10650,4531,2011-05-11T12:33:30Z,73,2
12017,1050,2011-06-17T00:57:13Z,73,2
12019,3567,2011-06-17T02:29:37Z,73,2
35149,8402,2012-08-27T05:03:45Z,73,3
35154,9866,2012-08-27T07:28:03Z,73,2
50258,19846,2013-02-18T17:18:56Z,73,1
104362,13186,2014-06-23T08:58:48Z,73,1
116200,56167,2014-09-21T10:41:43Z,73,2
168013,71672,2015-08-20T09:00:50Z,73,2
2255,1122,2010-09-01T03:35:33Z,93,2
1083,603,2010-08-01T11:56:51Z,95,3
33123,3107,2012-07-26T19:47:59Z,95,0
104,74,2010-07-19T20:34:46Z,97,23
1486,438,2010-08-10T06:42:10Z,97,13
3442,930,2010-10-09T15:03:51Z,97,23
8995,183,2011-03-31T04:27:05Z,97,26
14180,5781,2011-08-12T13:47:21Z,97,1
15348,3331,2011-09-09T01:16:17Z,97,1
26393,10578,2012-04-13T00:41:25Z,97,2
35571,686,2012-09-02T16:28:00Z,97,3
110,61,2010-07-19T20:40:36Z,100,3
11667,4900,2011-06-07T12:25:23Z,100,2
105,46,2010-07-19T20:35:34Z,103,19
107,46,2010-07-19T20:36:01Z,103,11
108,5,2010-07-19T20:36:47Z,103,15
112,12,2010-07-19T20:52:27Z,103,2
115,127,2010-07-19T21:01:35Z,103,1
141,142,2010-07-19T21:40:02Z,103,2
159,145,2010-07-19T23:00:30Z,103,8
160,158,2010-07-19T23:06:43Z,103,2
1140,665,2010-08-02T20:31:22Z,103,4
1141,665,2010-08-02T20:35:41Z,103,4
1157,11,2010-08-03T02:45:53Z,103,4
1158,159,2010-08-03T02:49:32Z,103,6
1439,665,2010-08-09T11:14:34Z,103,2
8387,3748,2011-03-16T23:59:43Z,103,3
20940,8474,2012-01-11T20:30:02Z,103,3
30376,1036,2012-06-13T12:59:19Z,103,0
115401,55769,2014-09-14T14:32:40Z,103,0
2837,1329,2010-09-19T00:27:18Z,113,2
116,72,2010-07-19T21:04:16Z,114,12
117,36,2010-07-19T21:04:24Z,114,25
317,56,2010-07-20T15:21:01Z,114,18
323,3807,2010-07-20T16:10:16Z,114,22
324,3807,2010-07-20T16:12:08Z,114,9
326,3807,2010-07-20T16:13:03Z,114,12
1088,643,2010-08-01T14:16:22Z,114,18
29388,10849,2012-05-29T14:16:58Z,114,3
29394,7071,2012-05-29T14:53:20Z,114,6
29395,4737,2012-05-29T15:04:32Z,114,5
59995,24617,2013-05-25T09:53:43Z,114,6
100791,46351,2014-06-01T21:04:31Z,114,0
100825,30201,2014-06-02T05:35:31Z,114,2
119,88,2010-07-19T21:11:44Z,118,8
120,41,2010-07-19T21:14:07Z,118,63
121,61,2010-07-19T21:14:25Z,118,102
123,130,2010-07-19T21:15:20Z,118,15
151,81,2010-07-19T22:31:12Z,118,115
691,352,2010-07-26T22:22:21Z,118,11
701,369,2010-07-27T00:24:09Z,118,4
706,378,2010-07-27T01:51:15Z,118,13
713,NA,2010-07-27T04:04:15Z,118,3
1516,858,2010-08-10T22:34:01Z,118,36
1599,449,2010-08-12T12:00:55Z,118,8
4895,2456,2010-11-24T20:49:39Z,118,17
4899,1709,2010-11-25T03:01:40Z,118,5
13127,2392,2011-07-16T14:37:04Z,118,4
37465,5176,2012-09-18T01:41:14Z,118,4
69912,30244,2013-09-13T02:24:28Z,118,1
97671,4253,2014-05-14T12:55:07Z,118,7
107828,51986,2014-07-14T02:13:47Z,118,4
109758,52981,2014-07-28T20:57:30Z,118,0
120990,59060,2014-10-21T23:27:24Z,118,2
137,74,2010-07-19T21:38:09Z,124,17
143,88,2010-07-19T21:48:28Z,124,5
185,80,2010-07-20T00:30:00Z,124,11
382,190,2010-07-21T06:28:23Z,124,3
468,251,2010-07-21T22:05:04Z,124,4
1563,511,2010-08-11T22:10:15Z,124,0
72364,31256,2013-10-09T16:22:48Z,124,0
126,5,2010-07-19T21:19:43Z,125,42
127,61,2010-07-19T21:23:20Z,125,22
129,8,2010-07-19T21:24:58Z,125,6
132,22,2010-07-19T21:29:37Z,125,8
150,25,2010-07-19T22:13:29Z,125,5
446,215,2010-07-21T17:17:45Z,125,11
626,30,2010-07-26T12:38:40Z,125,12
938,NA,2010-07-28T20:43:32Z,125,2
1036,557,2010-07-30T10:03:37Z,125,19
1039,319,2010-07-30T12:15:45Z,125,7
2209,1119,2010-08-30T14:00:17Z,125,10
2477,339,2010-09-08T10:28:33Z,125,7
3346,1499,2010-10-05T13:54:13Z,125,4
5151,2030,2010-12-05T03:47:19Z,125,1
8215,3694,2011-03-12T23:55:47Z,125,12
8216,2310,2011-03-13T00:58:39Z,125,6
17752,6666,2011-10-30T22:51:18Z,125,61
21664,5657,2012-01-25T05:42:43Z,125,13
21667,8207,2012-01-25T06:09:13Z,125,5
21675,887,2012-01-25T08:48:43Z,125,3
24526,9394,2012-03-12T17:25:11Z,125,6
26778,9174,2012-04-19T17:44:13Z,125,4
32882,10354,2012-07-24T06:21:46Z,125,11
32900,2669,2012-07-24T11:40:10Z,125,3
61525,26779,2013-06-12T08:10:59Z,125,2
108472,29597,2014-07-18T21:06:01Z,125,13
116029,40316,2014-09-19T07:14:08Z,125,0
135308,13586,2015-01-28T12:07:14Z,125,1
140602,7962,2015-03-06T05:01:35Z,125,0
140604,44171,2015-03-06T06:11:15Z,125,4
182493,34623,2015-11-19T01:00:20Z,125,2
191449,48336,2016-01-19T19:49:06Z,125,6
191474,5739,2016-01-19T23:04:41Z,125,0
191,173,2010-07-20T01:17:17Z,128,7
131,5,2010-07-19T21:28:41Z,130,24
250,171,2010-07-20T08:53:15Z,130,5
613,30,2010-07-25T14:33:25Z,130,10
264,217,2010-07-20T09:59:00Z,134,5
266,128,2010-07-20T10:23:56Z,134,3
342,139,2010-07-20T18:13:44Z,134,4
3449,603,2010-10-09T19:02:09Z,134,8
4967,919,2010-11-27T21:45:52Z,134,3
46116,17919,2012-12-17T20:48:25Z,134,1
48618,20150,2013-01-27T10:18:33Z,134,2
74284,32124,2013-10-31T23:55:13Z,134,0
139,5,2010-07-19T21:39:17Z,138,24
140,88,2010-07-19T21:39:35Z,138,8
142,8,2010-07-19T21:42:57Z,138,6
144,22,2010-07-19T21:48:52Z,138,18
202,183,2010-07-20T03:13:22Z,138,13
211,187,2010-07-20T04:49:07Z,138,7
253,215,2010-07-20T09:26:05Z,138,8
280,221,2010-07-20T11:54:50Z,138,5
657,315,2010-07-26T19:53:45Z,138,4
668,319,2010-07-26T20:19:12Z,138,5
671,302,2010-07-26T20:25:16Z,138,8
999,NA,2010-07-29T18:33:43Z,138,4
1005,36,2010-07-29T19:01:51Z,138,11
1049,NA,2010-07-30T17:10:24Z,138,8
1120,NA,2010-08-02T16:55:33Z,138,2
1213,25692,2010-08-04T03:28:53Z,138,57
3457,253,2010-10-10T06:27:50Z,138,4
33191,6401,2012-07-27T15:17:42Z,138,2
54763,7744,2013-03-30T23:05:28Z,138,6
66978,28992,2013-08-09T21:49:04Z,138,1
67011,29007,2013-08-10T13:52:09Z,138,2
149,74,2010-07-19T22:02:10Z,146,10
167,159,2010-07-19T23:26:31Z,146,11
1079,87,2010-08-01T06:26:34Z,146,6
1110,1356,2010-08-02T11:36:35Z,146,4
2543,881,2010-09-10T18:14:48Z,146,3
20015,7810,2011-12-20T05:23:17Z,146,0
1087,643,2010-08-01T13:51:19Z,152,11
3367,930,2010-10-06T16:57:44Z,152,7
157,36,2010-07-19T22:52:22Z,155,8
162,74,2010-07-19T23:13:32Z,155,14
515,270,2010-07-22T15:49:54Z,155,9
533,251,2010-07-23T01:48:56Z,155,7
550,5,2010-07-23T13:58:07Z,155,11
554,215,2010-07-23T15:09:02Z,155,10
661,319,2010-07-26T20:06:09Z,155,8
2638,1270,2010-09-14T01:02:43Z,155,2
11683,4253,2011-06-07T20:26:43Z,155,16
50854,183,2013-02-26T09:29:27Z,155,5
198,61,2010-07-20T02:32:43Z,156,3
171,159,2010-07-19T23:32:30Z,161,9
272,216,2010-07-20T11:14:41Z,161,2
188,61,2010-07-20T00:52:13Z,165,63
207,NA,2010-07-20T04:00:14Z,165,135
438,215,2010-07-21T16:42:43Z,165,25
1288,438,2010-08-05T09:15:34Z,165,10
12657,5289,2011-07-05T08:57:48Z,165,50
12680,5294,2011-07-05T20:15:25Z,165,27
51467,11867,2013-03-06T13:08:10Z,165,10
230146,127887,2016-08-16T17:37:34Z,165,1
172,74,2010-07-19T23:34:18Z,166,10
193,NA,2010-07-20T01:45:12Z,166,8
2637,1270,2010-09-14T00:55:16Z,166,2
179,159,2010-07-19T23:59:29Z,168,18
7792,NA,2011-03-02T12:11:19Z,168,2
174,159,2010-07-19T23:37:43Z,170,59
190,25,2010-07-20T01:07:38Z,170,9
214,40,2010-07-20T05:02:42Z,170,5
286,211,2010-07-20T12:28:32Z,170,18
447,215,2010-07-21T17:26:14Z,170,7
466,115,2010-07-21T20:53:54Z,170,8
470,36,2010-07-21T22:35:38Z,170,50
472,61,2010-07-21T23:00:34Z,170,8
493,268,2010-07-22T11:33:47Z,170,4
567,92,2010-07-23T17:11:35Z,170,14
627,236,2010-07-26T12:53:22Z,170,13
663,319,2010-07-26T20:09:20Z,170,21
1050,1356,2010-07-30T20:00:45Z,170,12
24101,7290,2012-03-04T23:57:02Z,170,8
25379,5221,2012-03-27T18:47:26Z,170,3
34495,13366,2012-08-17T02:31:29Z,170,9
46907,13516,2013-01-03T19:38:34Z,170,2
121582,24905,2014-10-27T13:05:38Z,170,4
121588,11887,2014-10-27T13:45:05Z,170,4
126387,61984,2014-12-03T05:02:31Z,170,3
137628,13902,2015-02-14T01:50:20Z,170,2
215307,80756,2016-05-30T01:36:37Z,170,0
215309,78964,2016-05-30T01:56:10Z,170,6
216168,28666,2016-06-03T16:16:41Z,170,7
216172,82102,2016-06-03T16:33:24Z,170,3
217860,78807,2016-06-08T07:09:10Z,170,3
237,199,2010-07-20T07:31:08Z,173,1
360,88,2010-07-20T23:56:33Z,173,5
402,226,2010-07-21T12:30:43Z,173,3
404,46,2010-07-21T12:37:31Z,173,6
1442,159,2010-08-09T13:36:43Z,173,12
1654,NA,2010-08-13T15:31:27Z,173,3
10528,3382,2011-05-08T22:19:18Z,173,1
10942,4652,2011-05-18T14:52:56Z,173,1
15884,5836,2011-09-22T01:17:37Z,173,4
177,159,2010-07-19T23:45:44Z,175,25
182,74,2010-07-20T00:15:47Z,175,17
366,226,2010-07-21T01:23:00Z,175,1
389,199,2010-07-21T07:51:34Z,175,15
623,87,2010-07-26T09:46:48Z,175,3
722,25,2010-07-27T05:41:11Z,175,5
3067,1329,2010-09-25T00:38:39Z,175,4
3318,1501,2010-10-04T21:29:50Z,175,8
187,119,2010-07-20T00:47:45Z,181,7
1097,438,2010-08-02T02:20:30Z,181,147
2334,887,2010-09-03T08:40:44Z,181,20
24651,9852,2012-03-14T19:09:36Z,181,0
136542,15974,2015-02-06T07:22:32Z,181,15
180052,80688,2015-11-03T22:20:39Z,181,9
186624,91213,2015-12-14T05:43:52Z,181,0
196854,86202,2016-02-16T14:17:59Z,181,1
518,88,2010-07-22T16:24:10Z,183,3
520,190,2010-07-22T16:33:43Z,183,2
56053,8535,2013-04-14T04:58:19Z,183,1
64350,28043,2013-07-15T11:25:42Z,183,-1
293,211,2010-07-20T12:43:02Z,192,4
403,256,2010-07-21T12:33:43Z,192,1
854,506,2010-07-27T19:58:44Z,192,2
4170,930,2010-11-03T12:52:22Z,192,8
199,5,2010-07-20T02:32:53Z,194,4
200,174,2010-07-20T02:48:45Z,194,14
458,226,2010-07-21T18:41:12Z,194,2
215,187,2010-07-20T05:03:12Z,195,2
696,173,2010-07-26T23:22:39Z,195,1
2872,1329,2010-09-20T00:29:57Z,195,2
197,5,2010-07-20T02:24:38Z,196,12
204,183,2010-07-20T03:35:58Z,196,11
232,103,2010-07-20T06:41:25Z,196,14
248,211,2010-07-20T08:38:38Z,196,4
1714,957,2010-08-15T17:26:03Z,196,3
1727,961,2010-08-16T06:19:27Z,196,3
130343,64474,2014-12-26T05:27:03Z,196,0
226209,12359,2016-07-29T02:59:10Z,196,0
243,196,2010-07-20T08:05:04Z,203,7
1888,930,2010-08-19T10:19:35Z,203,11
1925,419,2010-08-19T18:30:39Z,203,0
2031,1048,2010-08-22T19:33:49Z,203,3
19744,7977,2011-12-13T08:28:12Z,203,3
353,61,2010-07-20T22:11:54Z,205,12
18812,7497,2011-11-23T02:36:20Z,205,5
208,74,2010-07-20T04:07:11Z,206,5
209,174,2010-07-20T04:16:52Z,206,29
210,183,2010-07-20T04:19:12Z,206,13
556,215,2010-07-23T15:18:34Z,206,-1
10840,4588,2011-05-16T02:19:18Z,206,1
31582,12377,2012-07-03T16:28:12Z,206,2
68034,29412,2013-08-22T01:54:47Z,206,-4
77137,35069,2013-11-20T15:18:25Z,206,-1
136176,68089,2015-02-03T19:54:21Z,206,-2
368,NA,2010-07-21T03:01:00Z,212,2
574,88,2010-07-23T20:07:51Z,212,0
5001,NA,2010-11-29T17:49:27Z,212,2
240,114,2010-07-20T07:55:30Z,213,3
241,196,2010-07-20T07:56:06Z,213,5
255,88,2010-07-20T09:30:51Z,213,8
386,223,2010-07-21T06:46:11Z,213,14
407,256,2010-07-21T12:59:00Z,213,1
460,61,2010-07-21T20:03:40Z,213,6
532,159,2010-07-23T01:44:22Z,213,18
996,603,2010-07-29T16:13:41Z,213,14
2042,930,2010-08-23T10:48:27Z,213,23
2058,919,2010-08-23T22:41:05Z,213,11
2166,5,2010-08-27T16:44:31Z,213,4
7684,2392,2011-02-27T21:22:37Z,213,12
27804,11032,2012-05-04T21:49:04Z,213,4
217,5,2010-07-20T05:10:08Z,216,6
228,10,2010-07-20T06:27:16Z,216,2
235,13,2010-07-20T07:17:58Z,216,4
221,159,2010-07-20T05:35:48Z,220,28
311,89,2010-07-20T14:47:31Z,220,12
10072,4358,2011-04-28T02:10:35Z,220,34
203279,22452,2016-03-23T16:23:14Z,220,2
226,173,2010-07-20T06:23:21Z,222,16
227,144,2010-07-20T06:24:32Z,222,4
234,198,2010-07-20T06:47:14Z,222,6
245,196,2010-07-20T08:20:36Z,222,1
282,81,2010-07-20T12:02:26Z,222,41
659,317,2010-07-26T19:58:28Z,222,4
14895,2392,2011-08-28T00:03:40Z,222,6
231,199,2010-07-20T06:41:13Z,223,4
477,251,2010-07-22T04:58:50Z,223,1
651,25,2010-07-26T19:39:05Z,223,2
230,173,2010-07-20T06:35:21Z,224,5
236,138,2010-07-20T07:30:34Z,224,0
238,138,2010-07-20T07:33:09Z,224,8
244,13,2010-07-20T08:13:31Z,224,17
247,171,2010-07-20T08:36:36Z,224,2
289,80,2010-07-20T12:32:41Z,224,4
315,36,2010-07-20T15:15:57Z,224,5
475,253,2010-07-22T03:55:48Z,224,3
2192,956,2010-08-29T17:49:09Z,224,0
2212,1119,2010-08-30T14:19:24Z,224,3
229,159,2010-07-20T06:28:47Z,225,10
717,196,2010-07-27T05:04:45Z,225,1
865,401,2010-07-28T01:06:56Z,225,0
25588,2958,2012-03-31T02:23:27Z,225,2
246,198,2010-07-20T08:28:52Z,242,6
306,5,2010-07-20T14:21:37Z,242,8
254,8,2010-07-20T09:30:18Z,249,4
265,88,2010-07-20T10:05:48Z,256,21
6316,1390,2011-01-17T15:36:54Z,256,8
261,159,2010-07-20T09:45:18Z,257,12
262,8,2010-07-20T09:50:45Z,257,13
263,190,2010-07-20T09:53:11Z,257,10
314,5,2010-07-20T15:10:34Z,257,11
365,226,2010-07-21T01:04:08Z,257,4
392,251,2010-07-21T08:19:36Z,257,5
41813,12615,2012-11-03T15:43:54Z,257,1
271,8,2010-07-20T11:10:42Z,267,8
64544,28115,2013-07-17T01:25:21Z,267,2
274,90,2010-07-20T11:21:59Z,269,11
340,74,2010-07-20T17:41:00Z,269,6
416,215,2010-07-21T14:00:03Z,269,22
82437,37390,2014-01-16T08:25:49Z,269,1
175970,91513,2015-10-08T00:56:32Z,269,0
275,88,2010-07-20T11:29:53Z,270,6
279,62,2010-07-20T11:54:15Z,270,11
310,NA,2010-07-20T14:41:33Z,270,1
766,449,2010-07-27T12:10:34Z,270,3
22975,5509,2012-02-16T15:34:53Z,270,3
292,56,2010-07-20T12:38:38Z,276,2
302,196,2010-07-20T14:04:12Z,276,1
513,260,2010-07-22T15:22:20Z,276,2
553,215,2010-07-23T15:02:40Z,276,8
456,39,2010-07-21T18:26:02Z,277,10
9983,4329,2011-04-26T07:24:16Z,277,8
300,56,2010-07-20T13:19:31Z,278,4
1700,139,2010-08-15T05:29:00Z,278,4
1701,881,2010-08-15T06:13:47Z,278,1
307,229,2010-07-20T14:23:30Z,283,22
320,61,2010-07-20T15:47:04Z,283,19
765,442,2010-07-27T11:56:42Z,283,9
773,447,2010-07-27T13:09:54Z,283,13
15845,6415,2011-09-21T13:17:58Z,283,2
182579,28637,2015-11-19T15:01:27Z,283,0
506,215,2010-07-22T13:10:57Z,287,18
303,NA,2010-07-20T14:08:42Z,288,2
356,8,2010-07-20T22:31:45Z,288,2
681,279,2010-07-26T21:13:43Z,288,2
308,22,2010-07-20T14:38:07Z,290,1
441,36,2010-07-21T16:54:38Z,290,5
445,215,2010-07-21T17:13:33Z,290,4
933,561,2010-07-28T18:21:10Z,290,4
8238,3582,2011-03-13T15:23:49Z,290,3
8386,3748,2011-03-16T23:45:24Z,290,2
18508,6521,2011-11-17T02:52:41Z,290,1
179538,22047,2015-10-31T11:09:57Z,290,2
299,5,2010-07-20T13:16:29Z,298,12
301,8,2010-07-20T13:22:40Z,298,9
304,196,2010-07-20T14:13:50Z,298,2
551,215,2010-07-23T14:43:14Z,298,57
3530,919,2010-10-12T18:59:34Z,298,101
3533,449,2010-10-12T20:26:52Z,298,18
177624,73424,2015-10-19T11:24:59Z,298,6
177627,4253,2015-10-19T11:37:37Z,298,6
309,88,2010-07-20T14:40:32Z,305,2
331,61,2010-07-20T16:43:42Z,305,6
796,442,2010-07-27T15:14:22Z,305,26
804,447,2010-07-27T15:43:51Z,305,8
2761,1329,2010-09-16T23:52:59Z,305,2
2926,1347,2010-09-21T01:36:24Z,305,4
318,NA,2010-07-20T15:23:53Z,312,4
2491,603,2010-09-08T17:30:41Z,321,6
337,88,2010-07-20T17:20:41Z,322,2
338,89,2010-07-20T17:22:01Z,322,7
683,223,2010-07-26T21:34:14Z,322,2
700,368,2010-07-27T00:21:32Z,322,4
2381,511,2010-09-05T06:49:22Z,322,1
2400,1201,2010-09-05T23:52:45Z,322,1
329,5,2010-07-20T16:31:26Z,328,13
333,74,2010-07-20T17:17:21Z,328,3
345,247,2010-07-20T19:08:50Z,328,1
355,158,2010-07-20T22:27:42Z,328,1
449,215,2010-07-21T17:28:57Z,328,1
2413,1137,2010-09-06T16:26:44Z,328,4
2821,1349,2010-09-18T12:21:00Z,328,0
2843,795,2010-09-19T05:41:03Z,328,0
3263,795,2010-10-02T17:17:44Z,328,0
385,190,2010-07-21T06:39:38Z,341,4
27009,4908,2012-04-24T07:14:29Z,341,1
349,54,2010-07-20T19:59:33Z,346,9
350,178,2010-07-20T20:12:26Z,346,1
352,8,2010-07-20T21:18:45Z,346,1
428,210,2010-07-21T15:35:45Z,346,4
699,352,2010-07-27T00:01:58Z,346,8
704,NA,2010-07-27T00:54:58Z,346,0
3429,603,2010-10-08T22:49:46Z,346,8
46114,17919,2012-12-17T20:30:09Z,346,1
46967,18332,2013-01-04T12:24:50Z,346,1
51776,21774,2013-03-09T16:33:02Z,346,6
358,88,2010-07-20T23:21:05Z,354,7
376,61,2010-07-21T04:48:50Z,354,13
394,210,2010-07-21T09:53:40Z,354,0
2207,1119,2010-08-30T13:44:51Z,354,7
176336,91730,2015-10-10T12:48:44Z,354,4
457,NA,2010-07-21T18:28:27Z,359,4
476,251,2010-07-22T04:34:32Z,359,7
429,39,2010-07-21T15:36:34Z,362,20
74954,805,2013-11-08T08:10:48Z,362,15
367,90,2010-07-21T01:35:13Z,363,19
370,159,2010-07-21T03:48:55Z,363,32
371,34,2010-07-21T04:19:00Z,363,17
388,251,2010-07-21T07:15:54Z,363,5
390,74,2010-07-21T08:01:54Z,363,4
393,223,2010-07-21T09:02:11Z,363,29
431,215,2010-07-21T15:38:11Z,363,8
442,36,2010-07-21T16:56:45Z,363,7
463,90,2010-07-21T20:29:12Z,363,6
471,168,2010-07-21T22:57:58Z,363,17
487,266,2010-07-22T10:15:28Z,363,12
2525,919,2010-09-09T22:52:29Z,363,10
7397,2669,2011-02-19T19:25:19Z,363,2
7398,609,2011-02-19T19:47:16Z,363,2
8388,3748,2011-03-17T00:09:23Z,363,7
12199,5117,2011-06-22T02:03:50Z,363,10
12717,5305,2011-07-06T15:37:34Z,363,2
21489,8605,2012-01-22T07:33:36Z,363,4
22825,7290,2012-02-14T19:22:31Z,363,8
190974,98382,2016-01-16T15:12:52Z,363,0
190977,31420,2016-01-16T15:21:59Z,363,0
384,190,2010-07-21T06:33:36Z,369,1
401,256,2010-07-21T12:22:21Z,369,2
473,260,2010-07-22T02:37:18Z,369,2
2196,930,2010-08-29T20:42:33Z,369,5
381,223,2010-07-21T06:22:51Z,372,6
2614,887,2010-09-13T13:16:33Z,372,1
377,173,2010-07-21T05:45:43Z,373,7
378,68,2010-07-21T05:54:25Z,373,11
419,215,2010-07-21T14:43:31Z,373,4
420,89,2010-07-21T14:55:06Z,373,8
430,251,2010-07-21T15:37:17Z,373,15
950,99,2010-07-28T23:28:44Z,373,1
1073,638,2010-07-31T21:33:59Z,373,14
1074,638,2010-07-31T22:01:41Z,373,2
1080,572,2010-08-01T06:53:28Z,373,1
23674,9394,2012-02-25T23:59:37Z,373,4
30848,12014,2012-06-21T03:38:04Z,373,9
40374,6965,2012-10-14T11:21:12Z,373,1
379,190,2010-07-21T06:09:43Z,374,8
405,190,2010-07-21T12:38:51Z,395,1
412,8,2010-07-21T13:40:02Z,395,4
398,5,2010-07-21T11:16:55Z,396,14
399,190,2010-07-21T11:18:56Z,396,22
400,210,2010-07-21T11:20:45Z,396,11
408,56,2010-07-21T13:01:39Z,396,8
448,77,2010-07-21T17:26:15Z,396,6
454,62,2010-07-21T18:11:59Z,396,1
462,88,2010-07-21T20:11:02Z,396,8
489,214,2010-07-22T11:05:55Z,396,3
508,266,2010-07-22T13:41:53Z,396,1
1627,NA,2010-08-13T01:30:32Z,396,6
11408,2343,2011-05-31T19:35:02Z,396,3
11460,4847,2011-06-02T03:51:31Z,396,6
11483,4253,2011-06-02T12:47:17Z,396,4
19462,660,2011-12-07T03:12:54Z,396,2
26806,9007,2012-04-20T01:29:44Z,396,2
410,56,2010-07-21T13:20:53Z,409,2
2208,1119,2010-08-30T13:55:03Z,409,0
589,61,2010-07-24T04:54:53Z,411,7
600,30,2010-07-24T20:36:13Z,411,11
609,223,2010-07-25T07:18:44Z,411,7
2756,1329,2010-09-16T22:38:46Z,411,2
5611,1670,2010-12-17T22:33:50Z,411,3
48468,20047,2013-01-24T21:31:39Z,411,1
415,223,2010-07-21T13:53:13Z,414,5
417,251,2010-07-21T14:01:46Z,414,9
437,215,2010-07-21T16:07:20Z,414,3
439,30,2010-07-21T16:50:35Z,414,15
1032,531,2010-07-30T08:04:50Z,414,3
1666,919,2010-08-13T21:22:56Z,414,4
450,88,2010-07-21T17:30:02Z,418,6
20127,2817,2011-12-21T19:22:46Z,418,2
113367,21026,2014-08-27T01:43:09Z,418,4
151694,76740,2015-05-10T20:52:28Z,418,0
422,247,2010-07-21T15:09:11Z,421,0
436,215,2010-07-21T16:04:18Z,421,21
440,36,2010-07-21T16:53:35Z,421,20
453,74,2010-07-21T17:54:05Z,421,9
478,251,2010-07-22T05:13:17Z,421,17
488,183,2010-07-22T10:16:18Z,421,13
491,268,2010-07-22T11:19:10Z,421,3
592,57,2010-07-24T09:52:52Z,421,5
669,319,2010-07-26T20:22:30Z,421,4
994,NA,2010-07-29T16:00:17Z,421,7
1434,830,2010-08-09T10:23:41Z,421,3
10219,4360,2011-05-02T03:02:45Z,421,5
10257,3874,2011-05-03T02:40:27Z,421,4
12109,5003,2011-06-19T23:56:44Z,421,4
12973,3794,2011-07-13T08:11:39Z,421,4
12975,5365,2011-07-13T10:01:48Z,421,14
13046,4754,2011-07-14T15:08:12Z,421,1
19898,NA,2011-12-16T07:46:09Z,421,2
22823,8605,2012-02-14T19:06:16Z,421,2
22827,7290,2012-02-14T19:29:09Z,421,9
30123,4370,2012-06-09T06:06:23Z,421,3
30531,11032,2012-06-15T14:28:30Z,421,10
30548,2981,2012-06-15T20:18:41Z,421,19
71308,28420,2013-09-28T01:13:42Z,421,3
72312,31256,2013-10-09T07:20:21Z,421,1
72510,31370,2013-10-11T01:37:35Z,421,4
85364,30674,2014-02-04T07:00:17Z,421,2
101435,27433,2014-06-06T14:03:35Z,421,2
125917,61519,2014-11-29T11:34:59Z,421,3
167225,30674,2015-08-15T00:39:15Z,421,1
207844,112534,2016-04-17T19:33:18Z,421,-1
424,88,2010-07-21T15:21:33Z,423,177
425,13,2010-07-21T15:23:53Z,423,137
432,8,2010-07-21T15:38:46Z,423,156
433,5,2010-07-21T15:43:44Z,423,56
435,88,2010-07-21T15:53:59Z,423,139
455,13,2010-07-21T18:18:13Z,423,40
510,266,2010-07-22T13:49:37Z,423,52
511,3807,2010-07-22T14:32:20Z,423,35
546,183,2010-07-23T08:18:52Z,423,38
656,25,2010-07-26T19:51:45Z,423,89
694,74,2010-07-26T23:04:39Z,423,82
2217,5,2010-08-30T18:02:22Z,423,159
2227,881,2010-08-30T23:04:11Z,423,79
2241,1080,2010-08-31T15:58:42Z,423,44
2243,795,2010-08-31T17:41:55Z,423,5
2278,442,2010-09-01T15:02:00Z,423,67
3035,253,2010-09-24T04:09:04Z,423,102
3036,253,2010-09-24T04:13:25Z,423,78
4962,253,2010-11-27T18:14:10Z,423,8
4968,2166,2010-11-27T22:27:41Z,423,83
5006,NA,2010-11-29T20:45:50Z,423,32
5710,1106,2010-12-22T23:06:03Z,423,21
9254,442,2011-04-06T08:35:46Z,423,101
10345,442,2011-05-05T09:27:32Z,423,39
10374,2817,2011-05-05T21:04:31Z,423,36
10403,565,2011-05-06T12:13:40Z,423,57
12497,3919,2011-06-30T02:48:01Z,423,7
12502,1106,2011-06-30T05:50:35Z,423,85
13904,478,2011-08-05T13:32:37Z,423,37
14046,3919,2011-08-09T14:53:54Z,423,2
14356,5836,2011-08-16T15:34:39Z,423,119
15886,5509,2011-09-22T01:48:05Z,423,19
16885,3919,2011-10-12T01:14:59Z,423,5
19944,3919,2011-12-17T21:19:23Z,423,52
19994,7497,2011-12-19T17:41:25Z,423,44
21621,88,2012-01-24T14:03:02Z,423,12
25226,253,2012-03-25T12:42:37Z,423,69
25241,1739,2012-03-25T17:39:51Z,423,19
25394,3919,2012-03-28T01:07:46Z,423,7
27801,11032,2012-05-04T21:14:06Z,423,12
27811,4856,2012-05-05T01:58:28Z,423,30
28203,NA,2012-05-10T20:23:04Z,423,23
28379,9738,2012-05-13T02:05:17Z,423,23
35267,13361,2012-08-28T18:22:39Z,423,60
38295,5509,2012-09-29T23:06:37Z,423,21
41189,253,2012-10-25T13:01:56Z,423,44
43226,9249,2012-11-09T12:38:15Z,423,15
48041,7071,2013-01-18T19:50:12Z,423,22
48783,18334,2013-01-29T14:18:28Z,423,10
73323,31730,2013-10-20T23:10:34Z,423,13
76338,3919,2013-11-12T14:38:07Z,423,2
87238,32036,2014-02-20T01:03:14Z,423,22
89479,41659,2014-03-10T15:36:04Z,423,17
90408,37627,2014-03-18T10:15:44Z,423,18
103487,3919,2014-06-15T21:05:55Z,423,2
104848,37627,2014-06-26T11:36:47Z,423,31
136070,36540,2015-02-03T00:54:31Z,423,8
138563,59319,2015-02-20T19:47:37Z,423,12
151886,3919,2015-05-12T03:21:40Z,423,4
164802,84030,2015-08-05T14:02:43Z,423,3
165203,49793,2015-08-07T22:00:36Z,423,7
168606,71524,2015-08-24T20:58:46Z,423,7
168820,84166,2015-08-26T07:03:38Z,423,4
179103,27433,2015-10-28T21:14:02Z,423,4
182375,81056,2015-11-18T12:03:03Z,423,0
184130,80250,2015-11-29T16:20:58Z,423,4
185819,3919,2015-12-09T00:47:40Z,423,4
187576,3919,2015-12-19T22:21:41Z,423,5
200589,24234,2016-03-08T17:30:08Z,423,4
202072,83945,2016-03-16T19:56:48Z,423,4
220805,102683,2016-06-27T08:15:17Z,423,1
230745,6429,2016-08-19T16:54:50Z,423,2
465,90,2010-07-21T20:45:08Z,452,2
711,401,2010-07-27T03:54:51Z,452,7
5626,NA,2010-12-19T00:59:28Z,452,5
12264,4496,2011-06-23T06:11:24Z,452,2
19239,7737,2011-12-02T02:12:29Z,452,1
461,71,2010-07-21T20:07:32Z,459,3
464,88,2010-07-21T20:34:43Z,459,3
479,128,2010-07-22T07:28:42Z,459,9
1218,NA,2010-08-04T06:51:12Z,459,1
483,88,2010-07-22T09:53:52Z,480,18
635,30,2010-07-26T17:50:21Z,480,16
482,190,2010-07-22T09:24:52Z,481,6
530,159,2010-07-22T23:52:24Z,481,10
545,273,2010-07-23T08:15:23Z,481,1
495,214,2010-07-22T11:43:42Z,485,6
502,NA,2010-07-22T12:25:42Z,485,5
504,5,2010-07-22T12:33:49Z,485,4
686,339,2010-07-26T21:58:37Z,485,8
689,NA,2010-07-26T22:12:58Z,485,7
903,11,2010-07-28T14:06:35Z,485,3
1279,183,2010-08-05T02:36:08Z,485,2
1331,253,2010-08-06T01:15:52Z,485,4
1417,223,2010-08-08T19:59:34Z,485,5
1419,251,2010-08-08T20:22:58Z,485,6
2616,930,2010-09-13T14:07:11Z,485,0
2733,653,2010-09-16T16:27:02Z,485,3
19840,6637,2011-12-14T22:49:02Z,485,2
21085,183,2012-01-14T04:49:00Z,485,1
27814,11032,2012-05-05T02:32:23Z,485,0
27825,10363,2012-05-05T08:28:16Z,485,0
34749,183,2012-08-21T01:17:10Z,485,2
43993,183,2012-11-20T01:46:03Z,485,0
50218,183,2013-02-18T07:41:01Z,485,1
494,88,2010-07-22T11:42:42Z,486,7
516,251,2010-07-22T16:00:44Z,486,3
552,215,2010-07-23T14:53:50Z,486,16
720,25,2010-07-27T05:36:14Z,486,27
232849,34623,2016-09-01T12:56:57Z,486,0
497,190,2010-07-22T11:53:51Z,490,3
501,88,2010-07-22T12:17:20Z,490,2
505,88,2010-07-22T12:42:13Z,490,7
606,30,2010-07-25T02:37:06Z,490,18
2188,930,2010-08-29T12:04:51Z,490,10
5594,887,2010-12-17T11:13:27Z,490,5
205597,105747,2016-04-05T12:18:41Z,490,0
496,190,2010-07-22T11:44:13Z,492,6
512,33,2010-07-22T14:52:54Z,492,8
595,223,2010-07-24T19:43:24Z,492,7
610,159,2010-07-25T09:13:59Z,492,9
30016,3754,2012-06-07T20:15:13Z,492,4
37361,11030,2012-09-15T19:21:00Z,492,2
503,256,2010-07-22T12:25:48Z,498,2
1968,1028,2010-08-20T20:45:24Z,498,0
10297,4459,2011-05-03T22:59:01Z,498,1
10299,2310,2011-05-04T02:39:22Z,498,1
59835,26010,2013-05-23T14:07:51Z,498,0
500,190,2010-07-22T12:16:29Z,499,2
531,159,2010-07-23T00:04:48Z,499,4
542,183,2010-07-23T06:49:38Z,499,7
3728,485,2010-10-18T22:26:57Z,499,8
3732,1036,2010-10-19T01:50:06Z,499,4
509,NA,2010-07-22T13:43:18Z,507,2
560,5,2010-07-23T16:36:50Z,507,16
1623,NA,2010-08-13T00:37:26Z,507,8
21009,7224,2012-01-12T20:19:29Z,507,3
521,190,2010-07-22T16:39:05Z,517,9
522,39,2010-07-22T18:03:43Z,517,16
523,74,2010-07-22T18:16:08Z,517,5
525,247,2010-07-22T18:33:47Z,524,10
619,240,2010-07-25T20:08:35Z,524,4
24504,9782,2012-03-12T11:16:41Z,524,3
585,240,2010-07-24T00:46:15Z,526,4
603,30,2010-07-24T22:54:13Z,526,3
529,NA,2010-07-22T22:38:05Z,527,1
578,196,2010-07-23T21:18:52Z,527,2
2829,795,2010-09-18T20:41:05Z,527,1
2834,930,2010-09-18T21:29:59Z,527,12
25426,4598,2012-03-28T13:40:29Z,527,0
25429,6793,2012-03-28T14:15:49Z,527,0
535,251,2010-07-23T02:00:12Z,534,2
537,NA,2010-07-23T02:42:39Z,534,11
538,260,2010-07-23T04:49:41Z,534,28
540,183,2010-07-23T06:17:56Z,534,11
547,88,2010-07-23T08:33:04Z,534,9
561,215,2010-07-23T16:49:47Z,534,15
571,217,2010-07-23T18:29:41Z,534,6
1122,419,2010-08-02T17:05:49Z,534,6
1221,521,2010-08-04T08:39:21Z,534,7
1652,702,2010-08-13T15:21:55Z,534,6
1694,942,2010-08-14T21:19:58Z,534,8
1698,511,2010-08-15T00:35:01Z,534,4
2329,NA,2010-09-03T06:03:54Z,534,1
2536,930,2010-09-10T12:33:09Z,534,24
169333,87147,2015-08-29T19:39:58Z,534,0
541,159,2010-07-23T06:22:04Z,539,17
544,183,2010-07-23T07:27:31Z,539,14
549,270,2010-07-23T13:28:55Z,539,5
4183,930,2010-11-03T20:14:59Z,539,26
67152,28928,2013-08-12T13:36:14Z,539,2
67156,22047,2013-08-12T14:09:22Z,539,5
67163,28923,2013-08-12T14:58:39Z,539,1
67167,2817,2013-08-12T15:28:13Z,539,3
559,88,2010-07-23T16:30:41Z,548,5
557,215,2010-07-23T15:35:55Z,555,44
572,251,2010-07-23T18:42:05Z,555,18
3548,1077,2010-10-13T08:53:32Z,555,9
34585,11032,2012-08-18T15:29:36Z,555,10
73235,31693,2013-10-19T16:30:46Z,555,2
586,251,2010-07-24T01:41:28Z,558,4
591,200,2010-07-24T09:33:01Z,558,2
597,240,2010-07-24T19:55:30Z,558,3
29716,7603,2012-06-03T07:06:48Z,558,2
565,88,2010-07-23T17:02:28Z,562,2
566,190,2010-07-23T17:05:52Z,562,7
569,5,2010-07-23T17:32:44Z,562,3
763,438,2010-07-27T11:04:08Z,562,10
25127,9007,2012-03-23T07:33:12Z,562,1
709,401,2010-07-27T03:46:45Z,563,8
1172,449,2010-08-03T13:12:04Z,563,14
14674,2669,2011-08-23T02:40:59Z,563,4
164188,26338,2015-07-31T18:50:26Z,563,15
576,36,2010-07-23T20:42:43Z,564,5
125266,26338,2014-11-24T13:27:25Z,564,37
195479,100832,2016-02-14T03:07:54Z,564,0
705,NA,2010-07-27T01:07:48Z,570,4
1410,183,2010-08-08T14:28:10Z,570,2
3798,930,2010-10-20T11:31:09Z,570,13
50789,20606,2013-02-25T06:23:08Z,570,0
4098,919,2010-11-01T03:29:42Z,573,8
51700,21730,2013-03-08T14:33:23Z,573,1
593,5,2010-07-24T12:09:08Z,575,4
718,25,2010-07-27T05:23:38Z,575,5
760,442,2010-07-27T10:24:44Z,575,17
762,214,2010-07-27T11:04:03Z,575,6
1091,NA,2010-08-01T18:14:31Z,575,2
579,88,2010-07-23T21:23:18Z,577,7
582,108,2010-07-23T23:38:20Z,577,4
583,39,2010-07-24T00:07:06Z,577,55
587,159,2010-07-24T03:58:58Z,577,46
767,447,2010-07-27T12:31:57Z,577,123
6466,2875,2011-01-23T14:11:09Z,577,3
10164,4253,2011-04-30T02:01:01Z,577,13
10165,4376,2011-04-30T05:49:44Z,577,10
10763,2392,2011-05-13T14:06:44Z,577,4
15643,686,2011-09-16T09:48:21Z,577,3
584,240,2010-07-24T00:44:43Z,581,0
588,61,2010-07-24T04:22:01Z,581,12
611,223,2010-07-25T12:36:23Z,590,4
599,61,2010-07-24T20:23:06Z,594,11
1683,887,2010-08-14T08:12:41Z,596,1
1722,959,2010-08-15T23:43:45Z,596,2
972,566,2010-07-29T11:43:54Z,602,1
1733,887,2010-08-16T09:13:42Z,602,3
605,88,2010-07-24T23:25:48Z,604,1
5585,2144,2010-12-17T05:45:18Z,604,1
1203,196,2010-08-03T22:23:31Z,608,4
615,88,2010-07-25T14:56:32Z,612,2
710,196,2010-07-27T03:54:35Z,612,4
849,485,2010-07-27T19:22:33Z,612,25
54524,22518,2013-03-28T11:38:51Z,612,7
136936,28666,2015-02-09T16:58:47Z,612,26
159481,1818,2015-07-01T15:03:42Z,612,1
192776,73939,2016-01-27T17:39:45Z,612,0
193023,3277,2016-01-29T03:14:37Z,612,7
616,5,2010-07-25T15:25:13Z,614,7
617,5,2010-07-25T15:32:59Z,614,10
620,253,2010-07-25T22:04:16Z,614,4
621,88,2010-07-25T23:56:43Z,614,4
662,319,2010-07-26T20:08:09Z,614,10
784,22,2010-07-27T14:04:13Z,614,5
789,447,2010-07-27T14:38:34Z,614,5
995,NA,2010-07-29T16:02:18Z,614,4
1003,36,2010-07-29T18:59:01Z,614,11
65670,23737,2013-07-26T16:32:25Z,614,6
104075,48690,2014-06-20T00:10:47Z,614,-1
628,NA,2010-07-26T14:40:27Z,622,33
703,251,2010-07-27T00:47:25Z,622,5
625,159,2010-07-26T12:01:58Z,624,4
632,223,2010-07-26T16:23:25Z,631,5
640,NA,2010-07-26T18:40:54Z,631,14
647,25,2010-07-26T19:34:07Z,631,-3
28567,4856,2012-05-16T00:20:06Z,631,37
634,5,2010-07-26T17:46:45Z,633,7
636,88,2010-07-26T17:50:37Z,633,1
637,74,2010-07-26T18:22:33Z,633,4
3677,930,2010-10-17T18:21:12Z,633,2
644,288,2010-07-26T19:27:49Z,638,6
653,190,2010-07-26T19:42:50Z,638,4
654,88,2010-07-26T19:44:44Z,638,5
707,188,2010-07-27T02:19:56Z,638,4
642,59,2010-07-26T19:23:19Z,641,2
646,302,2010-07-26T19:31:36Z,641,10
648,68,2010-07-26T19:34:09Z,643,13
658,88,2010-07-26T19:56:23Z,643,15
826,215,2010-07-27T17:06:17Z,643,4
832,NA,2010-07-27T17:37:35Z,643,2
11474,1806,2011-06-02T10:45:50Z,643,4
11763,4505,2011-06-09T15:53:24Z,643,5
11782,4253,2011-06-09T21:40:25Z,643,1
650,190,2010-07-26T19:34:52Z,645,3
680,74,2010-07-26T21:11:25Z,645,17
731,251,2010-07-27T06:45:31Z,645,4
735,56,2010-07-27T07:19:13Z,645,0
655,315,2010-07-26T19:49:53Z,652,2
682,74,2010-07-26T21:17:29Z,652,6
695,173,2010-07-26T23:10:16Z,652,3
1038,1356,2010-07-30T12:11:18Z,652,1
1198,666,2010-08-03T21:19:22Z,652,7
1225,686,2010-08-04T10:55:31Z,652,3
1229,442,2010-08-04T12:32:08Z,652,3
1230,358,2010-08-04T12:32:12Z,652,5
1236,124,2010-08-04T14:02:21Z,652,1
1341,781,2010-08-06T03:14:53Z,652,4
1348,521,2010-08-06T05:27:57Z,652,1
8381,3748,2011-03-16T22:34:19Z,652,1
677,74,2010-07-26T20:56:22Z,660,5
697,367,2010-07-26T23:48:24Z,660,1
667,88,2010-07-26T20:18:46Z,665,10
673,25,2010-07-26T20:34:45Z,665,12
674,NA,2010-07-26T20:45:36Z,665,8
675,89,2010-07-26T20:47:19Z,665,72
678,81,2010-07-26T21:00:00Z,665,5
693,319,2010-07-26T22:48:51Z,665,55
761,251,2010-07-27T10:26:36Z,665,10
768,NA,2010-07-27T12:36:47Z,665,4
2185,1106,2010-08-29T01:35:44Z,665,6
2668,NA,2010-09-14T21:56:16Z,665,7
2702,9426,2010-09-16T00:54:49Z,665,9
2895,666,2010-09-20T13:59:30Z,665,5
2973,666,2010-09-22T14:31:43Z,665,2
8520,3794,2011-03-20T09:27:37Z,665,3
8536,3567,2011-03-20T16:02:25Z,665,22
49844,20773,2013-02-12T17:26:24Z,665,2
220679,46481,2016-06-26T06:17:24Z,665,0
230747,128300,2016-08-19T17:12:03Z,665,0
684,81,2010-07-26T21:35:29Z,672,5
708,25692,2010-07-27T02:31:38Z,672,3
778,447,2010-07-27T13:39:35Z,672,10
824,39,2010-07-27T16:56:35Z,672,19
1641,702,2010-08-13T11:42:08Z,672,7
6845,NA,2011-02-03T13:13:45Z,672,3
6847,2904,2011-02-03T15:12:13Z,672,1
7697,2392,2011-02-28T09:55:19Z,672,3
702,NA,2010-07-27T00:37:33Z,692,2
741,251,2010-07-27T07:56:42Z,692,4
724,251,2010-07-27T06:01:10Z,712,9
781,22,2010-07-27T13:59:02Z,712,3
22617,2146,2012-02-11T04:52:36Z,712,5
22650,2921,2012-02-11T17:26:35Z,712,8
734,88,2010-07-27T06:55:06Z,715,2
733,88,2010-07-27T06:52:09Z,723,3
749,339,2010-07-27T09:10:20Z,723,12
758,190,2010-07-27T10:00:23Z,723,6
759,88,2010-07-27T10:07:42Z,725,3
3090,919,2010-09-26T16:36:50Z,725,3
3341,179,2010-10-05T12:18:20Z,725,4
6545,NA,2011-01-25T20:40:17Z,725,1
727,223,2010-07-27T06:23:57Z,726,75
728,223,2010-07-27T06:26:04Z,726,41
729,159,2010-07-27T06:36:26Z,726,89
730,159,2010-07-27T06:37:30Z,726,197
732,251,2010-07-27T06:51:24Z,726,63
737,NA,2010-07-27T07:26:34Z,726,65
738,188,2010-07-27T07:38:19Z,726,51
739,NA,2010-07-27T07:41:56Z,726,115
744,319,2010-07-27T08:42:23Z,726,159
746,319,2010-07-27T08:43:15Z,726,6
748,434,2010-07-27T09:09:25Z,726,73
750,127,2010-07-27T09:16:48Z,726,19
751,127,2010-07-27T09:19:53Z,726,4
752,127,2010-07-27T09:20:27Z,726,33
753,127,2010-07-27T09:22:04Z,726,98
754,223,2010-07-27T09:25:00Z,726,4
755,183,2010-07-27T09:44:12Z,726,37
783,442,2010-07-27T14:03:52Z,726,39
785,447,2010-07-27T14:10:31Z,726,16
786,460,2010-07-27T14:14:10Z,726,26
787,460,2010-07-27T14:20:42Z,726,4
788,460,2010-07-27T14:25:39Z,726,1
794,7620,2010-07-27T15:05:38Z,726,34
808,482,2010-07-27T16:04:42Z,726,6
809,NA,2010-07-27T16:14:26Z,726,2
811,NA,2010-07-27T16:18:28Z,726,11
813,NA,2010-07-27T16:23:12Z,726,68
814,NA,2010-07-27T16:26:53Z,726,6
823,25,2010-07-27T16:50:51Z,726,-5
835,62,2010-07-27T17:57:48Z,726,10
878,NA,2010-07-28T06:49:12Z,726,51
967,215,2010-07-29T10:50:53Z,726,24
968,1356,2010-07-29T10:57:18Z,726,78
969,144,2010-07-29T11:25:13Z,726,13
990,3807,2010-07-29T15:43:35Z,726,4
1059,183,2010-07-31T05:49:03Z,726,31
1064,253,2010-07-31T15:36:12Z,726,62
1089,643,2010-08-01T14:21:18Z,726,8
1090,643,2010-08-01T14:25:28Z,726,8
1104,17,2010-08-02T08:58:27Z,726,18
1193,686,2010-08-03T20:07:57Z,726,1
1259,743,2010-08-04T18:29:57Z,726,6
1280,553,2010-08-05T02:42:11Z,726,101
1317,776,2010-08-05T19:41:53Z,726,8
1320,778,2010-08-05T20:38:41Z,726,4
1328,781,2010-08-06T00:29:25Z,726,9
1330,521,2010-08-06T01:08:05Z,726,58
1332,521,2010-08-06T01:20:36Z,726,23
1333,521,2010-08-06T01:26:54Z,726,95
1334,521,2010-08-06T01:29:56Z,726,4
1336,521,2010-08-06T01:43:46Z,726,9
1342,NA,2010-08-06T03:17:17Z,726,3
1347,521,2010-08-06T05:15:22Z,726,13
1360,778,2010-08-06T11:11:00Z,726,25
1361,778,2010-08-06T11:15:17Z,726,14
1363,114,2010-08-06T11:23:15Z,726,2
1406,352,2010-08-08T04:15:18Z,726,28
1423,749,2010-08-08T23:05:17Z,726,80
1426,319,2010-08-09T01:44:41Z,726,39
1449,223,2010-08-09T15:36:26Z,726,36
1657,919,2010-08-13T16:04:08Z,726,4
1658,887,2010-08-13T16:11:20Z,726,5
1715,NA,2010-08-15T18:36:58Z,726,6
1726,128,2010-08-16T05:45:29Z,726,36
1760,74,2010-08-17T02:01:44Z,726,53
1772,956,2010-08-17T08:29:54Z,726,3
1788,561,2010-08-17T16:17:00Z,726,7
1996,74,2010-08-22T00:34:17Z,726,15
2044,NA,2010-08-23T13:47:21Z,726,76
2046,NA,2010-08-23T14:14:57Z,726,7
2551,666,2010-09-10T23:05:50Z,726,8
2561,930,2010-09-11T10:26:16Z,726,7
2562,930,2010-09-11T10:29:14Z,726,13
2564,961,2010-09-11T13:50:33Z,726,17
2566,1107,2010-09-11T15:18:26Z,726,25
2567,1107,2010-09-11T15:27:50Z,726,4
2569,1107,2010-09-11T15:37:55Z,726,3
4301,919,2010-11-07T22:41:34Z,726,43
4302,NA,2010-11-07T23:16:13Z,726,56
4313,919,2010-11-08T14:12:20Z,726,7
4315,264,2010-11-08T15:05:19Z,726,10
4318,1614,2010-11-08T16:06:40Z,726,34
5110,2247,2010-12-03T21:05:59Z,726,5
5259,1371,2010-12-08T15:13:53Z,726,11
5667,930,2010-12-21T15:48:06Z,726,14
6036,930,2011-01-06T14:22:03Z,726,11
6356,2392,2011-01-18T21:34:07Z,726,5
6357,2392,2011-01-18T22:11:11Z,726,6
6674,2392,2011-01-28T18:01:15Z,726,11
6678,2592,2011-01-28T19:20:55Z,726,6
6681,2592,2011-01-28T20:23:49Z,726,7
8404,264,2011-03-17T10:53:40Z,726,28
8406,2669,2011-03-17T12:05:58Z,726,5
11305,74,2011-05-27T08:11:49Z,726,26
11313,253,2011-05-27T15:30:01Z,726,5
11320,686,2011-05-27T18:19:55Z,726,13
11321,686,2011-05-27T18:21:27Z,726,14
11325,2669,2011-05-28T13:02:46Z,726,4
11439,1381,2011-06-01T17:43:40Z,726,11
13938,5544,2011-08-06T17:52:35Z,726,8
14038,603,2011-08-09T12:43:15Z,726,20
15056,5836,2011-09-01T03:05:59Z,726,14
15059,6120,2011-09-01T05:04:48Z,726,17
15066,5348,2011-09-01T13:57:47Z,726,5
17931,930,2011-11-04T13:18:01Z,726,21
18838,7334,2011-11-23T18:21:02Z,726,6
22361,7290,2012-02-06T19:18:52Z,726,12
24728,4856,2012-03-16T00:26:15Z,726,5
25418,9007,2012-03-28T10:08:10Z,726,3
25458,9007,2012-03-28T23:53:12Z,726,8
25459,9394,2012-03-28T23:57:13Z,726,5
27002,10833,2012-04-24T03:43:25Z,726,8
28751,919,2012-05-18T16:56:12Z,726,9
30807,9394,2012-06-20T14:14:15Z,726,4
31044,11843,2012-06-25T00:08:30Z,726,6
32454,253,2012-07-17T12:44:21Z,726,5
32792,603,2012-07-22T19:19:55Z,726,8
33099,264,2012-07-26T15:51:08Z,726,10
33454,12318,2012-08-01T04:44:46Z,726,2
44042,16989,2012-11-20T17:15:17Z,726,6
48792,20233,2013-01-29T16:44:27Z,726,4
48842,2669,2013-01-30T03:34:52Z,726,5
49164,6633,2013-02-03T14:44:05Z,726,13
53367,16049,2013-03-26T18:32:02Z,726,8
56214,9394,2013-04-16T03:12:07Z,726,3
57004,7071,2013-04-23T21:25:56Z,726,4
57437,24946,2013-04-27T15:58:23Z,726,8
62774,27301,2013-06-27T19:58:06Z,726,9
62789,24617,2013-06-27T23:53:37Z,726,5
62938,2310,2013-06-30T03:09:12Z,726,5
85663,38206,2014-02-06T18:52:46Z,726,2
108301,8413,2014-07-17T12:15:15Z,726,6
110577,16709,2014-08-04T15:10:53Z,726,4
110593,26338,2014-08-04T17:20:55Z,726,1
115115,55609,2014-09-11T13:38:34Z,726,5
164663,24772,2015-08-04T14:38:57Z,726,3
181569,94881,2015-11-13T05:59:57Z,726,1
185212,96934,2015-12-05T19:14:30Z,726,3
185214,49465,2015-12-05T19:34:35Z,726,0
192938,78767,2016-01-28T17:28:33Z,726,0
192971,7261,2016-01-28T20:41:31Z,726,0
192978,7962,2016-01-28T21:18:42Z,726,0
203099,107126,2016-03-22T20:05:17Z,726,2
839,39,2010-07-27T18:33:51Z,743,4
861,481,2010-07-27T22:33:05Z,743,3
772,5,2010-07-27T13:07:38Z,764,12
799,447,2010-07-27T15:26:34Z,764,7
1219,702,2010-08-04T08:20:14Z,764,8
776,5,2010-07-27T13:25:13Z,769,2
807,196,2010-07-27T16:00:22Z,769,0
771,88,2010-07-27T13:02:58Z,770,0
774,5,2010-07-27T13:14:19Z,770,7
791,447,2010-07-27T14:52:19Z,770,3
1211,521,2010-08-04T02:05:29Z,770,3
7220,1764,2011-02-14T22:29:44Z,770,4
777,334,2010-07-27T13:35:21Z,775,11
780,172,2010-07-27T13:55:18Z,775,9
857,482,2010-07-27T20:25:16Z,775,6
85357,39491,2014-02-04T04:58:18Z,775,0
782,223,2010-07-27T14:02:37Z,779,4
792,88,2010-07-27T15:03:28Z,779,4
797,NA,2010-07-27T15:19:43Z,779,5
802,196,2010-07-27T15:35:14Z,779,5
815,368,2010-07-27T16:34:22Z,779,5
817,62,2010-07-27T16:37:40Z,779,5
52393,805,2013-03-16T00:51:41Z,779,2
793,3807,2010-07-27T15:04:58Z,790,1
831,494,2010-07-27T17:19:27Z,790,1
801,210,2010-07-27T15:30:31Z,798,3
810,25,2010-07-27T16:17:43Z,798,15
843,56,2010-07-27T18:47:25Z,798,2
862,159,2010-07-28T00:23:22Z,798,48
879,251,2010-07-28T07:23:22Z,798,8
34976,13542,2012-08-23T21:48:47Z,798,2
138311,69296,2015-02-19T08:42:54Z,798,-5
819,25,2010-07-27T16:40:37Z,805,3
848,NA,2010-07-27T19:19:46Z,805,0
816,56,2010-07-27T16:34:55Z,806,4
829,491,2010-07-27T17:15:37Z,806,3
855,8,2010-07-27T20:05:20Z,806,1
833,495,2010-07-27T17:44:35Z,812,8
904,549,2010-07-28T14:16:38Z,812,7
821,NA,2010-07-27T16:46:45Z,820,1
822,247,2010-07-27T16:50:45Z,820,2
827,5,2010-07-27T17:06:30Z,825,14
828,334,2010-07-27T17:12:15Z,825,4
830,447,2010-07-27T17:18:36Z,825,3
842,88,2010-07-27T18:39:32Z,825,5
1046,253,2010-07-30T16:58:42Z,825,5
836,334,2010-07-27T18:14:44Z,834,3
838,288,2010-07-27T18:28:36Z,834,2
860,511,2010-07-27T21:51:43Z,834,4
850,88,2010-07-27T19:28:38Z,837,0
858,485,2010-07-27T20:33:48Z,837,1
844,NA,2010-07-27T18:48:54Z,841,3
845,8,2010-07-27T19:02:09Z,841,5
943,279,2010-07-28T21:31:14Z,841,2
1756,795,2010-08-16T20:12:03Z,841,3
7013,223,2011-02-09T08:45:33Z,841,2
851,8,2010-07-27T19:34:06Z,846,4
853,74,2010-07-27T19:55:30Z,847,1
2330,159,2010-09-03T06:56:22Z,852,8
911,549,2010-07-28T15:32:38Z,856,3
1306,449,2010-08-05T13:56:03Z,856,8
9922,2392,2011-04-24T08:04:05Z,856,1
863,196,2010-07-28T00:29:41Z,859,4
864,NA,2010-07-28T01:00:22Z,859,3
867,364,2010-07-28T01:17:57Z,859,3
5669,919,2010-12-21T16:08:11Z,859,4
874,260,2010-07-28T04:26:17Z,866,17
876,530,2010-07-28T05:55:31Z,866,60
8480,3786,2011-03-19T01:21:05Z,866,16
869,196,2010-07-28T03:49:27Z,868,2
912,549,2010-07-28T15:37:01Z,868,1
917,287,2010-07-28T17:01:12Z,868,5
6054,2669,2011-01-07T01:55:24Z,868,1
956,25,2010-07-29T04:06:29Z,870,15
872,159,2010-07-28T04:21:06Z,871,6
873,251,2010-07-28T04:24:05Z,871,2
875,163,2010-07-28T04:29:37Z,871,21
1008,419,2010-07-29T19:39:02Z,871,1
908,88,2010-07-28T14:58:10Z,880,6
882,223,2010-07-28T08:21:47Z,881,4
883,159,2010-07-28T09:09:51Z,881,3
1189,61,2010-08-03T19:37:30Z,881,3
910,88,2010-07-28T15:29:33Z,886,3
922,251,2010-07-28T17:28:47Z,886,2
934,511,2010-07-28T18:25:00Z,886,10
1100,30,2010-08-02T05:16:40Z,886,14
1222,521,2010-08-04T09:07:44Z,886,7
230142,38055,2016-08-16T17:22:15Z,886,1
889,NA,2010-07-28T12:12:22Z,887,1
895,8,2010-07-28T12:50:26Z,887,2
957,25,2010-07-29T04:15:44Z,887,0
1033,NA,2010-07-30T09:49:02Z,887,0
1802,919,2010-08-17T20:58:12Z,887,4
1821,521,2010-08-18T11:09:28Z,887,0
919,287,2010-07-28T17:14:08Z,890,1
1102,NA,2010-08-02T08:14:36Z,890,0
905,549,2010-07-28T14:37:17Z,897,12
209546,36717,2016-04-27T09:36:58Z,897,0
900,NA,2010-07-28T13:57:09Z,898,1
902,247,2010-07-28T14:01:46Z,898,2
918,251,2010-07-28T17:04:38Z,898,3
4419,162,2010-11-11T02:16:48Z,898,0
4421,1808,2010-11-11T04:28:54Z,898,0
4424,1709,2010-11-11T05:30:32Z,898,1
909,364,2010-07-28T15:24:38Z,899,2
1009,419,2010-07-29T20:09:37Z,899,3
1010,8,2010-07-29T21:20:25Z,899,9
52478,603,2013-03-17T13:43:55Z,899,1
914,88,2010-07-28T16:21:41Z,913,3
915,247,2010-07-28T16:24:38Z,913,3
916,287,2010-07-28T16:31:53Z,913,5
953,183,2010-07-29T02:00:32Z,913,1
992,603,2010-07-29T15:50:24Z,913,1
1035,419,2010-07-30T09:54:10Z,913,4
2838,1329,2010-09-19T00:52:52Z,913,1
2839,1118,2010-09-19T01:47:02Z,913,0
940,87,2010-07-28T20:50:25Z,920,7
925,NA,2010-07-28T17:40:56Z,924,0
926,287,2010-07-28T17:43:48Z,924,5
993,506,2010-07-29T15:57:21Z,924,6
997,25,2010-07-29T16:50:11Z,924,9
998,3807,2010-07-29T18:06:31Z,924,0
1006,419,2010-07-29T19:22:17Z,924,4
2076,1076,2010-08-24T17:08:00Z,924,0
931,561,2010-07-28T18:17:46Z,927,6
936,253,2010-07-28T19:22:44Z,927,6
937,251,2010-07-28T19:34:00Z,927,14
975,8,2010-07-29T12:44:50Z,927,5
2075,253,2010-08-24T16:17:53Z,927,3
94356,44083,2014-04-19T11:54:36Z,927,2
158568,80629,2015-06-25T00:29:40Z,927,4
183321,90930,2015-11-24T11:57:34Z,927,0
183323,90930,2015-11-24T12:00:40Z,927,0
183335,81156,2015-11-24T13:12:26Z,927,1
930,88,2010-07-28T18:05:11Z,928,1
932,NA,2010-07-28T18:18:26Z,928,3
1801,919,2010-08-17T20:28:20Z,928,7
941,251,2010-07-28T21:12:03Z,939,6
962,223,2010-07-29T07:10:39Z,942,14
1408,61,2010-08-08T05:55:39Z,942,5
1451,5,2010-08-09T15:51:47Z,942,13
945,334,2010-07-28T21:49:13Z,944,2
947,287,2010-07-28T21:51:15Z,944,5
954,183,2010-07-29T02:11:34Z,944,4
948,287,2010-07-28T21:54:16Z,946,1
963,339,2010-07-29T08:15:59Z,946,3
6701,2970,2011-01-29T22:03:58Z,949,7
37640,5739,2012-09-20T00:13:38Z,949,15
970,247,2010-07-29T11:41:41Z,951,1
1000,549,2010-07-29T18:39:45Z,951,4
22368,8960,2012-02-06T22:48:39Z,951,1
959,183,2010-07-29T06:01:01Z,952,2
960,88,2010-07-29T07:05:38Z,952,2
177266,68199,2015-10-16T14:20:01Z,952,0
971,339,2010-07-29T11:41:49Z,961,12
986,419,2010-07-29T15:20:56Z,961,4
965,56,2010-07-29T08:46:34Z,964,4
966,334,2010-07-29T10:22:37Z,964,2
991,603,2010-07-29T15:45:39Z,964,1
1011,378,2010-07-29T21:21:02Z,964,4
4113,1764,2010-11-01T20:22:48Z,964,3
4126,1709,2010-11-02T01:47:17Z,964,0
1018,88,2010-07-29T22:30:13Z,973,3
1019,88,2010-07-29T22:32:44Z,973,3
1020,88,2010-07-29T22:35:28Z,973,3
1021,88,2010-07-29T22:38:21Z,973,3
1415,223,2010-08-08T19:02:55Z,973,2
978,8,2010-07-29T13:51:07Z,977,4
983,6,2010-07-29T14:26:53Z,977,3
1043,601,2010-07-30T15:37:06Z,977,1
981,8,2010-07-29T14:15:09Z,980,6
982,6,2010-07-29T14:18:02Z,980,6
984,601,2010-07-29T14:29:16Z,980,1
1025,3807,2010-07-29T23:45:46Z,980,4
1748,196,2010-08-16T17:20:25Z,980,0
52240,79917,2013-03-14T20:28:45Z,980,0
1004,88,2010-07-29T18:59:32Z,1001,10
1381,795,2010-08-06T22:34:27Z,1001,4
3078,1329,2010-09-25T16:27:42Z,1001,7
1013,56,2010-07-29T21:47:00Z,1012,1
1014,614,2010-07-29T21:54:24Z,1012,11
1027,NA,2010-07-30T00:44:09Z,1015,0
3667,930,2010-10-16T18:41:49Z,1015,5
1024,378,2010-07-29T23:25:12Z,1016,3
1026,159,2010-07-30T00:00:15Z,1016,26
1072,603,2010-07-31T21:22:55Z,1016,4
1129,187,2010-08-02T18:00:10Z,1016,1
1191,686,2010-08-03T19:57:01Z,1016,1
1029,183,2010-07-30T02:42:38Z,1023,6
1800,919,2010-08-17T20:09:56Z,1023,5
1030,530,2010-07-30T03:53:08Z,1028,7
1031,223,2010-07-30T05:29:11Z,1028,7
1569,511,2010-08-11T23:09:01Z,1028,9
81145,16859,2014-01-03T16:55:30Z,1028,1
1041,NA,2010-07-30T14:38:39Z,1040,2
1117,419,2010-08-02T16:43:44Z,1040,0
9609,2392,2011-04-16T10:55:20Z,1040,1
1051,251,2010-07-30T21:15:43Z,1045,5
1048,247,2010-07-30T17:10:09Z,1047,9
182496,95567,2015-11-19T01:17:54Z,1047,1
182504,805,2015-11-19T02:51:58Z,1047,3
1055,159,2010-07-31T01:08:08Z,1052,24
1057,251,2010-07-31T02:05:44Z,1052,4
1056,251,2010-07-31T01:41:53Z,1053,12
1101,485,2010-08-02T05:49:40Z,1053,3
1111,302,2010-08-02T13:53:47Z,1053,6
1116,NA,2010-08-02T16:29:37Z,1053,4
3844,887,2010-10-21T12:17:31Z,1053,1
3850,449,2010-10-21T14:42:28Z,1053,4
3867,NA,2010-10-21T20:35:15Z,1053,3
3899,795,2010-10-22T16:15:02Z,1053,4
31252,6547,2012-06-27T21:39:38Z,1053,0
31254,7290,2012-06-27T21:58:26Z,1053,1
86667,40303,2014-02-15T08:47:36Z,1053,0
180512,53474,2015-11-06T16:42:18Z,1053,0
1058,251,2010-07-31T02:08:06Z,1054,9
13567,5571,2011-07-27T22:39:34Z,1054,4
1061,603,2010-07-31T10:04:04Z,1060,11
1069,39,2010-07-31T19:47:20Z,1062,5
1070,251,2010-07-31T20:17:03Z,1062,5
1065,601,2010-07-31T15:46:05Z,1063,7
1103,215,2010-08-02T08:46:38Z,1063,4
1068,493,2010-07-31T18:50:56Z,1066,4
1106,88,2010-08-02T09:58:34Z,1081,4
1092,251,2010-08-01T18:41:27Z,1082,2
1086,159,2010-08-01T12:29:28Z,1084,6
1094,NA,2010-08-01T22:38:49Z,1093,2
1098,647,2010-08-02T04:04:13Z,1093,3
1721,282,2010-08-15T23:39:20Z,1095,0
1107,NA,2010-08-02T10:03:30Z,1099,1
1108,442,2010-08-02T10:55:30Z,1099,4
1109,495,2010-08-02T11:24:35Z,1099,7
1190,686,2010-08-03T19:51:33Z,1099,1
7590,3309,2011-02-24T22:29:52Z,1099,2
7635,3437,2011-02-25T21:34:57Z,1099,0
1113,442,2010-08-02T14:56:35Z,1112,24
1114,495,2010-08-02T15:20:11Z,1112,8
1119,NA,2010-08-02T16:49:48Z,1112,3
1121,162,2010-08-02T16:57:33Z,1112,0
8287,3484,2011-03-14T21:20:55Z,1112,1
8307,449,2011-03-15T10:04:23Z,1112,22
8337,3700,2011-03-16T00:27:24Z,1112,0
231441,70282,2016-08-24T10:04:49Z,1112,0
1124,334,2010-08-02T17:15:04Z,1123,0
1125,NA,2010-08-02T17:15:14Z,1123,1
1145,666,2010-08-02T20:53:20Z,1123,1
1188,61,2010-08-03T19:26:55Z,1123,1
1128,334,2010-08-02T17:57:15Z,1126,5
1131,8,2010-08-02T18:52:56Z,1126,4
1132,8,2010-08-02T19:16:14Z,1126,4
1134,5,2010-08-02T19:28:31Z,1126,4
1135,5,2010-08-02T19:38:11Z,1126,3
1136,5,2010-08-02T19:44:20Z,1126,1
1138,59,2010-08-02T20:20:52Z,1126,1
1146,668,2010-08-02T20:54:01Z,1126,3
1162,251,2010-08-03T06:26:47Z,1126,2
2327,10229,2010-09-03T03:49:48Z,1126,1
1152,196,2010-08-02T23:31:46Z,1130,1
1159,251,2010-08-03T02:54:30Z,1133,1
1210,485,2010-08-04T01:26:59Z,1133,10
8688,3748,2011-03-23T19:27:19Z,1133,0
193964,79100,2016-02-04T08:01:37Z,1133,0
1144,666,2010-08-02T20:48:01Z,1142,1
1147,NA,2010-08-02T21:23:37Z,1142,5
1148,33,2010-08-02T21:50:27Z,1142,5
1153,159,2010-08-03T00:54:56Z,1142,51
1154,251,2010-08-03T00:56:33Z,1142,13
1498,94,2010-08-10T10:54:56Z,1142,1
2147,919,2010-08-26T18:02:43Z,1142,23
22965,7311,2012-02-16T13:36:14Z,1142,2
35611,11032,2012-09-03T14:59:12Z,1142,0
35612,919,2012-09-03T15:57:53Z,1142,11
35785,3382,2012-09-06T13:15:33Z,1142,0
149020,74925,2015-04-30T08:50:52Z,1142,2
1150,159,2010-08-02T22:59:09Z,1149,52
1151,251,2010-08-02T23:26:02Z,1149,12
1155,672,2010-08-03T02:20:32Z,1149,2
1156,253,2010-08-03T02:28:37Z,1149,3
1244,732,2010-08-04T15:37:40Z,1149,4
1492,167,2010-08-10T08:04:22Z,1149,15
34712,13453,2012-08-20T15:24:54Z,1149,2
34721,401,2012-08-20T17:23:46Z,1149,8
188696,67799,2015-12-30T08:48:19Z,1149,0
1161,159,2010-08-03T03:49:10Z,1160,4
1165,5,2010-08-03T08:27:13Z,1160,1
1166,223,2010-08-03T09:05:56Z,1164,11
1170,319,2010-08-03T12:22:58Z,1164,55
1185,8,2010-08-03T17:03:58Z,1164,25
1196,666,2010-08-03T20:26:23Z,1164,18
1258,287,2010-08-04T18:12:23Z,1164,9
1340,781,2010-08-06T03:06:41Z,1164,18
2210,1119,2010-08-30T14:11:06Z,1164,7
4051,1739,2010-10-28T18:14:53Z,1164,32
5939,NA,2011-01-03T23:00:01Z,1164,9
5984,1036,2011-01-04T19:39:25Z,1164,4
10699,4578,2011-05-12T08:11:59Z,1164,6
18048,6961,2011-11-07T17:15:34Z,1164,3
146102,67799,2015-04-13T11:48:43Z,1164,1
1171,449,2010-08-03T12:30:00Z,1169,10
1175,495,2010-08-03T13:55:22Z,1173,1
1176,334,2010-08-03T13:59:03Z,1173,9
1179,199,2010-08-03T14:26:33Z,1173,1
1182,364,2010-08-03T15:08:16Z,1173,6
1183,88,2010-08-03T15:19:15Z,1173,2
1251,8,2010-08-04T16:29:26Z,1173,15
17613,7086,2011-10-27T09:59:18Z,1173,1
139434,34615,2015-02-26T14:16:43Z,1173,0
1177,8,2010-08-03T14:14:54Z,1174,5
1178,378,2010-08-03T14:21:43Z,1174,5
1180,319,2010-08-03T14:39:16Z,1174,3
1181,339,2010-08-03T14:52:44Z,1174,11
1186,632,2010-08-03T17:17:31Z,1174,2
1192,686,2010-08-03T20:00:30Z,1174,1
1212,25692,2010-08-04T03:23:21Z,1174,16
1243,732,2010-08-04T15:24:11Z,1174,1
1187,39,2010-08-03T17:24:56Z,1184,2
12836,573,2011-07-09T16:18:31Z,1184,0
1197,303,2010-08-03T20:39:20Z,1194,8
1199,5,2010-08-03T21:30:22Z,1194,4
1200,NA,2010-08-03T21:32:40Z,1194,7
1206,159,2010-08-03T23:36:08Z,1194,13
1217,183,2010-08-04T06:16:41Z,1194,10
18953,7199,2011-11-25T19:23:50Z,1194,24
18974,7290,2011-11-26T03:23:20Z,1194,5
18977,1945,2011-11-26T04:50:31Z,1194,12
18985,2392,2011-11-26T09:15:57Z,1194,27
18998,7630,2011-11-26T21:03:36Z,1194,9
19113,485,2011-11-29T18:22:56Z,1194,3
40503,14554,2012-10-16T09:05:15Z,1194,3
114111,55117,2014-09-02T19:22:26Z,1194,0
1418,251,2010-08-08T19:59:40Z,1195,4
1204,287,2010-08-03T22:25:14Z,1202,0
1379,795,2010-08-06T22:10:44Z,1202,0
1420,251,2010-08-08T20:38:09Z,1202,4
1248,279,2010-08-04T15:57:30Z,1205,3
1214,159,2010-08-04T05:41:02Z,1207,34
1339,781,2010-08-06T02:48:09Z,1207,2
1509,226,2010-08-10T17:29:28Z,1207,2
1512,61,2010-08-10T18:41:10Z,1207,7
149387,70282,2015-05-02T15:24:13Z,1207,0
237149,127498,2016-09-27T12:10:58Z,1207,0
1216,159,2010-08-04T06:12:22Z,1215,3
1220,8,2010-08-04T08:20:54Z,1215,3
1234,603,2010-08-04T13:32:07Z,1223,4
1235,5,2010-08-04T13:47:36Z,1223,5
1245,334,2010-08-04T15:51:53Z,1223,11
3726,449,2010-10-18T21:44:50Z,1224,3
1231,8,2010-08-04T12:52:05Z,1228,1
1232,210,2010-08-04T12:56:10Z,1228,1
1233,NA,2010-08-04T13:18:12Z,1228,1
1273,666,2010-08-04T21:54:28Z,1228,3
1934,919,2010-08-19T22:08:44Z,1228,1
1246,279,2010-08-04T15:55:11Z,1241,5
1247,601,2010-08-04T15:56:39Z,1241,6
1264,447,2010-08-04T19:31:22Z,1241,11
2156,930,2010-08-27T08:22:12Z,1241,2
17524,4253,2011-10-25T18:17:27Z,1241,1
1603,NA,2010-08-12T15:11:07Z,1249,1
1965,795,2010-08-20T19:39:20Z,1249,3
1967,919,2010-08-20T20:37:23Z,1249,2
1254,253,2010-08-04T17:30:03Z,1252,18
1287,10229,2010-08-05T04:58:19Z,1252,8
1349,521,2010-08-06T05:33:06Z,1252,17
10933,4648,2011-05-18T08:10:16Z,1252,6
1255,303,2010-08-04T17:35:42Z,1253,2
31875,1248,2012-07-08T02:45:44Z,1253,1
1260,253,2010-08-04T18:35:22Z,1256,0
1263,88,2010-08-04T19:30:30Z,1256,3
1265,643,2010-08-04T19:35:08Z,1256,2
1312,643,2010-08-05T16:04:34Z,1257,1
12701,5289,2011-07-06T04:28:54Z,1257,0
1262,NA,2010-08-04T19:19:23Z,1261,2
1282,279,2010-08-05T03:06:36Z,1261,4
1271,485,2010-08-04T21:16:37Z,1266,5
1284,196,2010-08-05T03:43:12Z,1266,2
2338,364,2010-09-03T09:41:58Z,1266,8
63641,14731,2013-07-08T12:19:21Z,1266,0
1269,223,2010-08-04T21:10:02Z,1268,2
1275,NA,2010-08-04T22:46:30Z,1268,1
1393,352,2010-08-07T08:12:09Z,1268,4
1429,795,2010-08-09T04:22:42Z,1268,1
1804,919,2010-08-17T22:49:17Z,1268,1
1276,61,2010-08-04T23:36:10Z,1270,4
1281,74,2010-08-05T02:57:24Z,1272,0
1285,183,2010-08-05T03:55:13Z,1272,1
1277,159,2010-08-04T23:46:28Z,1274,5
1313,279,2010-08-05T16:54:35Z,1278,3
15053,5836,2011-09-01T02:42:56Z,1278,1
1290,88,2010-08-05T10:17:47Z,1286,1
1335,729,2010-08-06T01:40:54Z,1286,6
1291,8,2010-08-05T10:31:54Z,1289,11
1294,88,2010-08-05T11:22:54Z,1289,3
1295,159,2010-08-05T11:58:42Z,1292,14
1297,495,2010-08-05T12:08:23Z,1292,24
1299,438,2010-08-05T12:47:45Z,1292,9
31320,7290,2012-06-28T23:27:55Z,1292,8
1302,NA,2010-08-05T13:04:27Z,1293,1
1307,247,2010-08-05T13:57:42Z,1293,2
1298,NA,2010-08-05T12:12:16Z,1296,2
1304,56,2010-08-05T13:35:59Z,1296,3
1351,789,2010-08-06T07:44:34Z,1296,5
1353,339,2010-08-06T09:01:29Z,1296,10
1309,5,2010-08-05T14:10:26Z,1308,2
1311,NA,2010-08-05T15:27:49Z,1308,1
1718,919,2010-08-15T22:03:07Z,1308,12
1316,NA,2010-08-05T19:33:56Z,1315,4
1318,247,2010-08-05T19:51:02Z,1315,7
1319,61,2010-08-05T20:13:15Z,1315,9
1325,603,2010-08-05T22:17:29Z,1315,10
1327,582,2010-08-05T23:22:01Z,1315,3
1344,25,2010-08-06T03:47:26Z,1315,5
1345,782,2010-08-06T04:11:29Z,1315,1
1366,247,2010-08-06T12:46:57Z,1315,4
48626,8257,2013-01-27T13:42:16Z,1315,1
1322,88,2010-08-05T22:01:03Z,1321,6
1343,183,2010-08-06T03:22:13Z,1321,6
1837,919,2010-08-18T14:47:31Z,1321,5
1326,71,2010-08-05T22:35:46Z,1324,7
1338,521,2010-08-06T01:54:55Z,1337,34
1346,287,2010-08-06T04:50:59Z,1337,99
1356,114,2010-08-06T09:52:51Z,1337,74
1367,634,2010-08-06T13:52:50Z,1337,68
1368,NA,2010-08-06T14:00:40Z,1337,13
1371,666,2010-08-06T14:12:21Z,1337,87
1374,88,2010-08-06T16:10:48Z,1337,10
1375,253,2010-08-06T18:42:26Z,1337,24
1377,236,2010-08-06T20:07:17Z,1337,46
1382,159,2010-08-07T02:33:35Z,1337,53
1387,795,2010-08-07T06:03:39Z,1337,6
1388,NA,2010-08-07T07:15:20Z,1337,155
1436,830,2010-08-09T10:29:38Z,1337,49
1552,NA,2010-08-11T15:56:33Z,1337,51
2286,1118,2010-09-01T18:23:56Z,1337,11
3558,144,2010-10-13T15:07:55Z,1337,10
12349,5177,2011-06-25T22:37:57Z,1337,15
12351,3919,2011-06-26T01:49:18Z,1337,7
12352,3919,2011-06-26T01:51:20Z,1337,10
12744,1106,2011-07-06T23:08:50Z,1337,56
12745,686,2011-07-06T23:18:06Z,1337,166
12760,686,2011-07-07T09:58:49Z,1337,8
12791,3929,2011-07-08T03:50:26Z,1337,23
17829,7176,2011-11-02T01:43:47Z,1337,44
17830,5739,2011-11-02T02:33:57Z,1337,39
17836,5836,2011-11-02T04:50:12Z,1337,14
18719,6129,2011-11-21T16:45:26Z,1337,38
20222,253,2011-12-25T10:12:47Z,1337,4
20246,8199,2011-12-26T19:00:41Z,1337,5
21100,3919,2012-01-14T22:11:00Z,1337,3
21102,8534,2012-01-15T01:23:28Z,1337,56
21564,4763,2012-01-23T16:38:09Z,1337,-3
21884,3919,2012-01-28T20:58:33Z,1337,14
22784,2392,2012-02-14T08:09:35Z,1337,5
35874,9394,2012-09-07T16:57:11Z,1337,11
41063,12603,2012-10-23T19:47:03Z,1337,5
46882,14729,2013-01-03T12:31:58Z,1337,9
48240,17463,2013-01-22T09:54:23Z,1337,5
51468,16837,2013-03-06T13:31:17Z,1337,-7
52563,22144,2013-03-18T03:33:13Z,1337,0
62060,2878,2013-06-18T22:46:16Z,1337,4
62734,601,2013-06-27T13:05:20Z,1337,1
62735,27374,2013-06-27T13:42:56Z,1337,5
62817,27416,2013-06-28T09:48:58Z,1337,32
62868,27449,2013-06-28T21:13:33Z,1337,-3
63664,199,2013-07-08T15:29:30Z,1337,30
63671,21846,2013-07-08T16:47:52Z,1337,18
65480,919,2013-07-24T21:29:55Z,1337,24
65481,12786,2013-07-24T21:44:02Z,1337,4
70202,NA,2013-09-17T01:27:35Z,1337,18
72960,31572,2013-10-16T15:03:08Z,1337,3
74868,28740,2013-11-07T13:24:37Z,1337,15
89039,36515,2014-03-06T15:45:22Z,1337,8
91932,7071,2014-03-30T22:00:18Z,1337,4
99355,45844,2014-05-20T08:40:19Z,1337,8
100037,46161,2014-05-25T22:56:40Z,1337,0
113671,1818,2014-08-29T07:36:29Z,1337,3
128646,35989,2014-12-11T10:27:26Z,1337,5
128782,5739,2014-12-12T00:59:55Z,1337,8
128791,9394,2014-12-12T02:07:32Z,1337,3
140801,70629,2015-03-07T18:46:47Z,1337,-1
200784,89026,2016-03-09T16:21:20Z,1337,2
201159,35989,2016-03-11T13:50:10Z,1337,2
202460,98010,2016-03-19T01:38:32Z,1337,0
239475,36381,2016-10-10T20:57:24Z,1337,0
1354,521,2010-08-06T09:34:37Z,1350,1
1407,189,2010-08-08T04:50:18Z,1350,6
1359,253,2010-08-06T11:09:39Z,1352,2
1362,88,2010-08-06T11:17:09Z,1352,2
1384,183,2010-08-07T03:55:36Z,1352,5
8228,3582,2011-03-13T12:26:51Z,1352,2
1364,8,2010-08-06T12:13:05Z,1355,7
1370,NA,2010-08-06T14:10:01Z,1357,5
1373,88,2010-08-06T15:22:43Z,1357,1
3120,439,2010-09-27T17:39:46Z,1357,3
1365,89,2010-08-06T12:38:35Z,1358,8
1372,88,2010-08-06T15:14:46Z,1369,2
1397,603,2010-08-07T14:40:50Z,1376,5
1846,795,2010-08-18T16:28:57Z,1376,2
1398,812,2010-08-07T15:24:01Z,1378,0
1767,521,2010-08-17T06:29:42Z,1378,2
1636,196,2010-08-13T06:09:24Z,1380,3
3231,1307,2010-10-01T01:34:16Z,1380,2
1594,702,2010-08-12T10:20:31Z,1383,2
1685,799,2010-08-14T12:10:58Z,1383,0
1404,352,2010-08-07T22:57:34Z,1385,3
1477,NA,2010-08-10T00:32:44Z,1385,1
1480,394,2010-08-10T00:43:08Z,1385,2
1390,485,2010-08-07T07:23:55Z,1386,5
1391,183,2010-08-07T07:34:44Z,1386,11
31242,795,2012-06-27T18:59:04Z,1386,2
1392,582,2010-08-07T07:35:58Z,1389,7
1396,319,2010-08-07T14:36:40Z,1389,3
1403,666,2010-08-07T22:28:44Z,1389,0
1402,438,2010-08-07T21:14:56Z,1395,4
1409,183,2010-08-08T11:30:18Z,1395,5
1530,609,2010-08-11T10:29:48Z,1395,2
1401,601,2010-08-07T18:31:32Z,1399,7
2056,187,2010-08-23T20:39:21Z,1399,6
1483,251,2010-08-10T04:19:05Z,1405,8
116759,56440,2014-09-25T14:51:02Z,1405,2
1414,603,2010-08-08T18:27:45Z,1412,0
1421,601,2010-08-08T21:57:57Z,1412,1
1416,251,2010-08-08T19:26:40Z,1413,2
1425,805,2010-08-09T00:37:45Z,1424,12
1428,159,2010-08-09T04:05:27Z,1427,5
1431,223,2010-08-09T07:05:20Z,1430,5
1435,521,2010-08-09T10:26:35Z,1432,22
2325,10229,2010-09-03T02:27:00Z,1432,4
4102,1763,2010-11-01T12:19:08Z,1432,1
4105,1739,2010-11-01T14:03:54Z,1432,8
83965,38082,2014-01-31T10:18:29Z,1432,3
1438,8,2010-08-09T10:47:18Z,1437,1
1440,183,2010-08-09T12:45:05Z,1437,0
1445,223,2010-08-09T14:05:50Z,1444,8
1446,NA,2010-08-09T14:22:11Z,1444,41
1452,251,2010-08-09T16:43:48Z,1444,26
1496,8,2010-08-10T09:29:15Z,1444,16
1514,856,2010-08-10T20:48:11Z,1444,12
1630,159,2010-08-13T04:27:15Z,1444,54
1795,919,2010-08-17T18:48:40Z,1444,31
60272,19676,2013-05-28T20:50:13Z,1444,6
84055,2669,2014-02-01T02:37:05Z,1444,4
222237,60613,2016-07-05T13:57:32Z,1444,2
1448,NA,2010-08-09T15:09:34Z,1447,6
1450,485,2010-08-09T15:44:50Z,1447,23
1453,251,2010-08-09T16:49:45Z,1447,3
1457,NA,2010-08-09T18:03:31Z,1454,1
1456,251,2010-08-09T18:00:24Z,1455,9
3178,NA,2010-09-30T03:05:13Z,1455,1
6246,1219,2011-01-14T12:10:06Z,1455,2
40636,16036,2012-10-18T07:19:51Z,1455,12
1463,601,2010-08-09T18:55:55Z,1458,35
1468,223,2010-08-09T21:18:01Z,1458,10
1470,561,2010-08-09T22:18:22Z,1458,12
1476,319,2010-08-09T23:39:55Z,1458,23
189221,14346,2016-01-04T18:52:28Z,1458,1
1472,159,2010-08-09T22:27:53Z,1459,5
1490,213,2010-08-10T07:03:22Z,1459,1
10408,3382,2011-05-06T13:17:11Z,1459,1
1461,NA,2010-08-09T18:27:59Z,1460,0
1465,279,2010-08-09T19:13:45Z,1460,2
1987,603,2010-08-21T17:59:43Z,1460,2
1994,1034,2010-08-21T22:50:51Z,1460,1
1464,334,2010-08-09T19:02:57Z,1462,3
1466,56,2010-08-09T19:13:48Z,1462,4
1467,291,2010-08-09T19:53:30Z,1462,7
1481,226,2010-08-10T01:20:52Z,1462,1
1513,125,2010-08-10T20:20:04Z,1462,1
1659,919,2010-08-13T16:15:41Z,1462,2
1550,873,2010-08-11T15:20:19Z,1469,0
2084,511,2010-08-25T00:46:17Z,1469,2
1473,251,2010-08-09T22:31:23Z,1471,11
1474,291,2010-08-09T22:33:37Z,1471,2
1482,251,2010-08-10T02:54:09Z,1475,1
1484,339,2010-08-10T06:19:14Z,1475,5
1488,213,2010-08-10T06:59:13Z,1475,1
1491,5,2010-08-10T07:15:35Z,1475,11
1500,22,2010-08-10T11:06:46Z,1475,2
1502,394,2010-08-10T14:02:22Z,1475,1
6409,557,2011-01-20T14:06:55Z,1475,4
19414,7828,2011-12-06T08:58:06Z,1475,2
164077,83767,2015-07-31T02:31:24Z,1475,0
1479,NA,2010-08-10T00:41:01Z,1478,1
1510,251,2010-08-10T17:51:38Z,1478,1
1566,881,2010-08-11T22:48:19Z,1485,2
1732,887,2010-08-16T09:07:50Z,1485,3
1489,196,2010-08-10T07:02:57Z,1487,1
1494,8,2010-08-10T08:50:49Z,1487,3
2714,1307,2010-09-16T10:02:46Z,1487,0
1515,795,2010-08-10T21:34:55Z,1493,2
2033,1043,2010-08-22T21:41:03Z,1493,0
1497,159,2010-08-10T10:24:28Z,1495,7
1499,22,2010-08-10T10:58:52Z,1495,3
1504,5,2010-08-10T15:11:18Z,1495,4
1505,287,2010-08-10T15:29:25Z,1495,1
1506,251,2010-08-10T15:33:16Z,1495,1
1503,5,2010-08-10T14:59:06Z,1501,1
1508,NA,2010-08-10T16:23:37Z,1507,0
1511,601,2010-08-10T18:25:52Z,1507,5
1541,869,2010-08-11T13:47:37Z,1507,3
1545,702,2010-08-11T14:06:35Z,1507,5
1518,NA,2010-08-10T23:36:25Z,1517,2
1524,339,2010-08-11T06:42:21Z,1517,4
1747,857,2010-08-16T17:13:58Z,1517,0
17035,6861,2011-10-15T12:48:16Z,1517,1
1949,603,2010-08-20T10:19:39Z,1519,9
1537,8,2010-08-11T12:56:09Z,1520,8
2526,98,2010-09-09T23:09:59Z,1520,-1
2540,795,2010-09-10T16:32:41Z,1520,1
1522,183,2010-08-11T06:25:03Z,1521,5
1523,74,2010-08-11T06:29:22Z,1521,7
1526,223,2010-08-11T07:27:27Z,1521,3
1532,251,2010-08-11T10:36:15Z,1521,19
1547,339,2010-08-11T14:37:06Z,1521,7
1551,5,2010-08-11T15:20:38Z,1521,9
1527,183,2010-08-11T07:46:40Z,1525,21
1528,17,2010-08-11T07:50:04Z,1525,4
1559,880,2010-08-11T21:19:03Z,1525,-5
4850,919,2010-11-23T22:38:38Z,1525,18
6209,NA,2011-01-13T04:13:48Z,1525,0
79179,35955,2013-12-10T09:40:44Z,1525,0
44886,13915,2012-12-01T22:58:42Z,1529,1
1533,339,2010-08-11T11:53:51Z,1531,4
2229,1122,2010-08-31T00:32:34Z,1531,6
2233,930,2010-08-31T07:47:14Z,1531,11
1544,601,2010-08-11T14:05:25Z,1534,1
1553,251,2010-08-11T18:55:03Z,1536,3
1539,223,2010-08-11T13:34:07Z,1538,12
1548,873,2010-08-11T15:02:36Z,1538,4
1543,NA,2010-08-11T13:53:56Z,1540,7
1549,8,2010-08-11T15:16:55Z,1540,2
1554,795,2010-08-11T19:52:29Z,1540,1
1546,5,2010-08-11T14:10:21Z,1542,5
1608,279,2010-08-12T17:54:22Z,1555,2
12568,2392,2011-07-02T01:02:12Z,1555,0
1558,880,2010-08-11T21:12:16Z,1556,9
8553,2660,2011-03-21T04:16:34Z,1556,9
1560,223,2010-08-11T21:20:47Z,1557,10
1585,159,2010-08-12T07:27:47Z,1557,10
1588,8,2010-08-12T08:11:37Z,1557,4
1625,NA,2010-08-13T01:08:39Z,1557,7
3118,30,2010-09-27T16:35:22Z,1557,9
1567,196,2010-08-11T22:49:25Z,1561,3
1565,601,2010-08-11T22:17:04Z,1562,0
1570,159,2010-08-11T23:33:59Z,1562,6
1634,419,2010-08-13T05:51:00Z,1562,4
4078,1739,2010-10-30T14:56:29Z,1562,7
1568,572,2010-08-11T22:49:28Z,1564,10
1593,521,2010-08-12T10:19:39Z,1564,9
8901,3837,2011-03-29T08:44:46Z,1564,0
1572,NA,2010-08-12T00:43:27Z,1571,1
1573,319,2010-08-12T01:11:05Z,1571,4
1587,887,2010-08-12T07:45:05Z,1571,4
1577,334,2010-08-12T03:55:36Z,1576,24
1579,183,2010-08-12T04:44:12Z,1576,100
1584,339,2010-08-12T06:49:58Z,1576,16
3371,930,2010-10-06T20:33:36Z,1576,28
3374,485,2010-10-06T21:51:18Z,1576,36
3923,656,2010-10-23T15:11:36Z,1576,9
44453,16989,2012-11-26T18:59:02Z,1576,8
83599,32036,2014-01-28T13:14:29Z,1576,8
94601,442,2014-04-21T20:06:28Z,1576,8
133806,28666,2015-01-17T00:33:06Z,1576,12
237477,132771,2016-09-29T00:51:32Z,1576,1
1581,287,2010-08-12T05:31:08Z,1580,10
1582,251,2010-08-12T06:39:13Z,1580,15
1586,601,2010-08-12T07:30:47Z,1580,4
1589,601,2010-08-12T08:37:45Z,1583,3
1596,183,2010-08-12T10:53:26Z,1590,7
1597,183,2010-08-12T10:58:37Z,1595,34
1598,8,2010-08-12T10:59:17Z,1595,59
1600,319,2010-08-12T12:43:41Z,1595,27
1632,251,2010-08-13T05:30:09Z,1595,250
2089,1080,2010-08-25T05:19:46Z,1595,84
2159,1105,2010-08-27T10:10:35Z,1595,16
6902,1265,2011-02-05T10:49:45Z,1595,31
6921,2904,2011-02-05T18:31:42Z,1595,14
6932,26,2011-02-06T04:09:24Z,1595,9
14284,5836,2011-08-15T13:52:43Z,1595,23
15509,5571,2011-09-13T16:05:45Z,1595,26
16920,6782,2011-10-12T19:40:09Z,1595,18
16933,6803,2011-10-12T23:52:17Z,1595,7
16961,30,2011-10-13T16:41:40Z,1595,114
16965,6829,2011-10-13T17:34:21Z,1595,23
32873,12429,2012-07-24T01:09:45Z,1595,22
34022,6768,2012-08-09T21:13:56Z,1595,6
38925,14753,2012-10-08T14:26:13Z,1595,11
52430,22090,2013-03-16T19:13:02Z,1595,8
55280,21169,2013-04-05T20:59:02Z,1595,17
96791,41317,2014-05-07T16:36:29Z,1595,6
133063,66377,2015-01-12T03:14:56Z,1595,3
142333,16508,2015-03-18T16:54:19Z,1595,4
152432,53618,2015-05-15T07:15:02Z,1595,6
162828,83065,2015-07-23T12:35:45Z,1595,4
205740,111149,2016-04-06T02:38:23Z,1595,1
1605,666,2010-08-12T16:03:50Z,1601,1
1607,251,2010-08-12T16:54:18Z,1601,5
1629,183,2010-08-13T02:18:09Z,1601,9
1655,919,2010-08-13T15:48:29Z,1601,9
189947,11476,2016-01-09T14:31:22Z,1601,0
1609,251,2010-08-12T19:52:35Z,1604,6
1612,251,2010-08-12T20:10:13Z,1610,3
1614,601,2010-08-12T20:27:49Z,1610,14
1616,900,2010-08-12T20:52:04Z,1610,72
1617,364,2010-08-12T21:21:19Z,1610,1
1619,830,2010-08-12T23:02:11Z,1610,6
1620,110,2010-08-12T23:38:47Z,1610,13
1628,183,2010-08-13T01:38:42Z,1610,7
1638,199,2010-08-13T09:50:51Z,1610,5
1642,702,2010-08-13T12:22:25Z,1610,10
3550,1219,2010-10-13T10:15:00Z,1610,4
3568,930,2010-10-13T18:43:21Z,1610,9
9432,3597,2011-04-11T14:31:06Z,1610,0
17399,1620,2011-10-21T21:49:00Z,1610,25
17873,7192,2011-11-03T01:20:38Z,1610,3
28506,11323,2012-05-15T04:04:31Z,1610,1
28548,4505,2012-05-15T19:01:49Z,1610,3
31838,12458,2012-07-07T11:59:39Z,1610,-1
45709,17737,2012-12-12T03:54:00Z,1610,0
47794,19698,2013-01-15T18:06:42Z,1610,0
49029,3345,2013-02-01T00:45:22Z,1610,0
53381,22562,2013-03-26T22:55:22Z,1610,4
53382,17072,2013-03-26T23:11:03Z,1610,0
93342,43562,2014-04-10T16:06:45Z,1610,1
130551,25734,2014-12-28T20:12:52Z,1610,10
134646,67273,2015-01-23T14:16:17Z,1610,1
1613,5,2010-08-12T20:25:12Z,1611,4
1615,394,2010-08-12T20:51:36Z,1611,13
1618,NA,2010-08-12T21:48:24Z,1611,4
1644,887,2010-08-13T12:31:09Z,1611,20
3370,930,2010-10-06T20:10:59Z,1611,10
2796,1342,2010-09-17T16:31:46Z,1621,1
3680,495,2010-10-17T20:07:00Z,1621,3
27019,10838,2012-04-24T10:02:06Z,1621,2
1635,196,2010-08-13T05:51:02Z,1622,3
1626,394,2010-08-13T01:10:05Z,1624,0
1631,183,2010-08-13T05:17:37Z,1624,3
1633,830,2010-08-13T05:43:29Z,1624,3
1679,NA,2010-08-14T03:56:28Z,1624,0
1639,159,2010-08-13T09:52:44Z,1637,23
1643,442,2010-08-13T12:24:11Z,1637,12
1653,485,2010-08-13T15:24:20Z,1637,10
6866,1347,2011-02-04T01:29:59Z,1637,3
47238,18463,2013-01-08T15:26:45Z,1637,-3
1647,159,2010-08-13T12:47:16Z,1645,8
1648,5,2010-08-13T13:32:27Z,1645,20
1656,334,2010-08-13T15:54:37Z,1645,2
1723,805,2010-08-15T23:59:19Z,1645,10
4271,1873,2010-11-06T14:06:09Z,1645,2
2524,1107,2010-09-09T20:39:15Z,1646,4
2535,1124,2010-09-10T11:28:41Z,1646,0
106316,183,2014-07-09T12:10:01Z,1646,0
1650,NA,2010-08-13T14:17:15Z,1649,4
1766,419,2010-08-17T06:26:59Z,1649,1
1779,419,2010-08-17T12:27:00Z,1651,2
1782,8,2010-08-17T13:18:59Z,1651,2
1663,927,2010-08-13T18:27:56Z,1660,2
1665,8,2010-08-13T19:39:43Z,1660,4
1662,NA,2010-08-13T17:39:02Z,1661,1
1664,8,2010-08-13T19:29:26Z,1661,0
1794,339,2010-08-17T18:31:59Z,1661,1
1669,74,2010-08-13T23:58:11Z,1667,2
1670,110,2010-08-14T00:58:21Z,1667,1
1675,110,2010-08-14T01:32:29Z,1667,1
1671,110,2010-08-14T01:02:31Z,1668,1
1672,110,2010-08-14T01:09:33Z,1668,1
1673,110,2010-08-14T01:16:16Z,1668,1
1677,183,2010-08-14T01:41:18Z,1668,2
1702,88,2010-08-15T08:59:45Z,1668,2
1742,247,2010-08-16T14:38:47Z,1668,5
2357,1076,2010-09-03T18:51:15Z,1668,1
2361,930,2010-09-03T19:22:30Z,1668,3
2364,1118,2010-09-03T19:38:45Z,1668,1
1693,251,2010-08-14T21:05:33Z,1674,2
1678,183,2010-08-14T01:46:57Z,1676,6
1680,485,2010-08-14T04:58:27Z,1676,3
1684,939,2010-08-14T08:51:32Z,1676,3
1686,334,2010-08-14T13:06:45Z,1676,10
1688,573,2010-08-14T14:06:52Z,1676,4
1695,8,2010-08-14T21:52:11Z,1676,4
1697,389,2010-08-15T00:31:42Z,1676,2
2267,930,2010-09-01T11:31:31Z,1676,3
10627,1764,2011-05-10T23:50:24Z,1676,3
10646,4531,2011-05-11T10:03:37Z,1676,1
1758,NA,2010-08-17T00:50:11Z,1681,0
2081,919,2010-08-24T22:19:51Z,1681,2
1691,NA,2010-08-14T18:32:47Z,1687,0
1762,279,2010-08-17T03:09:29Z,1687,0
1706,5,2010-08-15T12:30:19Z,1699,2
2848,930,2010-09-19T11:24:58Z,1708,3
1711,582,2010-08-15T15:47:36Z,1709,0
1712,88,2010-08-15T16:05:02Z,1709,0
1716,8,2010-08-15T18:48:27Z,1709,1
1717,339,2010-08-15T19:14:50Z,1709,3
1720,159,2010-08-15T23:35:52Z,1713,8
1724,805,2010-08-16T00:30:59Z,1713,6
1738,279,2010-08-16T13:42:04Z,1713,9
1725,183,2010-08-16T02:38:20Z,1719,2
1728,438,2010-08-16T07:09:25Z,1719,3
33573,13017,2012-08-02T18:04:45Z,1719,1
33600,12431,2012-08-03T07:55:05Z,1719,1
1730,251,2010-08-16T08:27:13Z,1729,7
1731,183,2010-08-16T08:28:16Z,1729,3
2935,1329,2010-09-21T04:29:35Z,1735,5
3077,401,2010-09-25T16:17:28Z,1735,2
1741,8,2010-08-16T14:05:44Z,1736,19
1746,251,2010-08-16T16:30:54Z,1736,6
2736,1080,2010-09-16T16:53:28Z,1736,5
32874,12429,2012-07-24T01:13:39Z,1736,4
62570,6664,2013-06-25T15:59:05Z,1736,1
69484,11867,2013-09-08T03:59:14Z,1736,40
1739,279,2010-08-16T13:46:53Z,1737,10
1740,364,2010-08-16T14:01:14Z,1737,3
1744,183,2010-08-16T15:32:04Z,1737,1
1745,729,2010-08-16T15:46:32Z,1737,7
1750,196,2010-08-16T17:31:42Z,1737,1
10123,776,2011-04-28T22:36:25Z,1737,1
1751,NA,2010-08-16T17:43:49Z,1749,3
1754,71,2010-08-16T19:59:01Z,1753,5
1755,8,2010-08-16T20:03:34Z,1753,2
1759,NA,2010-08-17T01:11:36Z,1757,1
1771,8,2010-08-17T07:51:41Z,1757,4
1763,183,2010-08-17T03:47:24Z,1761,16
1769,339,2010-08-17T07:28:37Z,1761,7
2808,1118,2010-09-18T02:43:41Z,1761,3
22224,8946,2012-02-03T16:12:56Z,1761,-1
39055,2513,2012-10-09T20:46:38Z,1761,2
48330,17937,2013-01-23T10:05:12Z,1761,1
1765,88,2010-08-17T06:22:29Z,1764,8
1784,919,2010-08-17T13:30:03Z,1764,11
1792,25,2010-08-17T17:35:21Z,1764,15
54721,4983,2013-03-30T06:57:48Z,1764,1
54742,4598,2013-03-30T18:45:22Z,1764,7
54749,22452,2013-03-30T20:16:35Z,1764,1
1774,159,2010-08-17T09:21:16Z,1773,1
1775,170,2010-08-17T09:45:46Z,1773,8
1783,521,2010-08-17T13:20:07Z,1773,2
16242,6564,2011-09-29T21:10:35Z,1773,3
1778,601,2010-08-17T11:56:05Z,1776,3
1785,183,2010-08-17T13:52:29Z,1780,1
1786,NA,2010-08-17T14:01:10Z,1780,0
1789,979,2010-08-17T16:27:30Z,1780,5
1803,573,2010-08-17T21:25:25Z,1780,0
4412,74,2010-11-10T20:53:29Z,1780,0
1941,NA,2010-08-20T01:47:20Z,1781,2
12694,5289,2011-07-06T00:38:28Z,1781,1
12696,5289,2011-07-06T00:54:48Z,1781,1
1798,88,2010-08-17T19:30:14Z,1787,2
1847,101,2010-08-18T16:38:48Z,1787,3
1791,88,2010-08-17T16:49:24Z,1790,3
1796,NA,2010-08-17T19:08:05Z,1790,1
1855,495,2010-08-18T19:16:05Z,1797,5
20781,8402,2012-01-08T21:32:24Z,1797,1
1825,364,2010-08-18T12:51:41Z,1799,2
2055,1036,2010-08-23T19:47:39Z,1799,2
2685,1290,2010-09-15T16:53:28Z,1799,2
1806,159,2010-08-18T00:10:56Z,1805,16
2900,25,2010-09-20T16:15:58Z,1805,5
14255,2921,2011-08-15T04:13:49Z,1805,3
44293,16989,2012-11-23T19:22:15Z,1805,1
1810,25,2010-08-18T02:11:10Z,1807,1
1811,521,2010-08-18T05:40:49Z,1807,11
1836,919,2010-08-18T14:33:06Z,1807,24
1852,795,2010-08-18T18:21:12Z,1807,3
1814,183,2010-08-18T08:37:21Z,1812,2
2043,930,2010-08-23T11:18:49Z,1812,6
6414,NA,2011-01-20T17:27:34Z,1812,3
6430,656,2011-01-21T11:18:22Z,1812,3
1816,8,2010-08-18T08:58:46Z,1813,7
1824,979,2010-08-18T12:00:36Z,1813,4
1817,521,2010-08-18T10:40:25Z,1815,8
1819,561,2010-08-18T10:56:44Z,1815,3
1832,447,2010-08-18T13:50:28Z,1815,9
2158,174,2010-08-27T09:36:24Z,1815,4
2160,930,2010-08-27T11:15:23Z,1815,2
2163,174,2010-08-27T14:38:12Z,1815,7
2720,1307,2010-09-16T12:31:45Z,1815,4
2722,449,2010-09-16T12:45:22Z,1815,2
2832,266,2010-09-18T21:07:17Z,1815,4
2845,NA,2010-09-19T09:24:48Z,1815,2
30155,11843,2012-06-09T20:22:52Z,1815,2
30446,11032,2012-06-14T11:33:38Z,1815,5
59491,25706,2013-05-20T05:34:28Z,1815,4
59497,17359,2013-05-20T07:47:25Z,1815,1
130584,35989,2014-12-29T09:00:56Z,1815,1
199301,68444,2016-03-01T12:17:00Z,1815,0
1820,8,2010-08-18T11:03:02Z,1818,2
1823,183,2010-08-18T11:40:44Z,1818,12
1827,NA,2010-08-18T13:15:34Z,1822,4
1831,5,2010-08-18T13:42:13Z,1822,3
1835,521,2010-08-18T14:13:25Z,1822,2
1828,5,2010-08-18T13:20:28Z,1826,26
1830,NA,2010-08-18T13:38:29Z,1826,35
1840,88,2010-08-18T15:14:02Z,1826,5
1854,961,2010-08-18T19:09:37Z,1826,8
1933,881,2010-08-19T21:50:48Z,1826,2
1833,NA,2010-08-18T14:01:06Z,1829,5
1834,334,2010-08-18T14:01:19Z,1829,3
1839,183,2010-08-18T14:57:00Z,1829,3
1845,339,2010-08-18T16:19:28Z,1829,23
1882,830,2010-08-19T06:42:28Z,1829,45
17558,892,2011-10-26T08:50:45Z,1829,1
1842,8,2010-08-18T15:25:59Z,1838,11
1843,442,2010-08-18T15:43:03Z,1838,14
1988,666,2010-08-21T20:33:14Z,1841,0
2057,919,2010-08-23T22:04:33Z,1841,6
1943,251,2010-08-20T06:46:21Z,1844,5
1954,521,2010-08-20T13:54:04Z,1844,5
2053,25,2010-08-23T18:03:15Z,1844,9
2065,521,2010-08-24T06:49:15Z,1844,1
1849,279,2010-08-18T16:58:10Z,1848,5
1885,930,2010-08-19T08:50:44Z,1850,7
1930,1013,2010-08-19T20:52:10Z,1850,12
56612,24553,2013-04-19T16:18:08Z,1850,3
175414,91169,2015-10-04T12:38:31Z,1850,1
1953,449,2010-08-20T13:42:01Z,1853,5
1857,5,2010-08-18T20:51:32Z,1856,3
1858,88,2010-08-18T21:28:17Z,1856,2
1864,183,2010-08-19T00:59:56Z,1856,5
2888,511,2010-09-20T07:29:51Z,1856,7
157826,80203,2015-06-19T20:49:02Z,1856,0
1861,279,2010-08-18T23:17:46Z,1860,2
1868,183,2010-08-19T03:03:39Z,1860,2
1869,995,2010-08-19T03:15:34Z,1862,9
1876,183,2010-08-19T06:13:02Z,1862,6
1922,251,2010-08-19T17:28:18Z,1862,8
21981,8797,2012-01-30T21:47:12Z,1862,0
1867,253,2010-08-19T02:35:58Z,1863,1
1871,601,2010-08-19T04:35:45Z,1863,3
1921,364,2010-08-19T17:24:19Z,1863,4
1884,994,2010-08-19T08:34:51Z,1865,3
1880,183,2010-08-19T06:35:02Z,1866,3
1918,251,2010-08-19T17:13:01Z,1866,4
1872,597,2010-08-19T04:47:46Z,1870,5
1879,183,2010-08-19T06:28:05Z,1870,8
5390,NA,2010-12-12T01:27:00Z,1870,1
5391,1118,2010-12-12T02:13:30Z,1870,1
1877,339,2010-08-19T06:16:25Z,1873,3
2063,401,2010-08-24T06:06:54Z,1873,0
3528,1499,2010-10-12T18:05:37Z,1874,2
1878,223,2010-08-19T06:22:09Z,1875,11
1903,919,2010-08-19T13:21:56Z,1875,6
3084,1054,2010-09-26T10:48:15Z,1875,3
5655,2067,2010-12-21T00:33:47Z,1875,0
5661,2342,2010-12-21T08:54:45Z,1875,2
74404,32231,2013-11-02T19:04:43Z,1875,0
1901,919,2010-08-19T13:07:22Z,1881,6
1896,339,2010-08-19T11:58:09Z,1895,2
1897,8,2010-08-19T12:29:30Z,1895,3
1905,334,2010-08-19T13:30:01Z,1904,2
1909,183,2010-08-19T13:46:41Z,1904,7
1913,NA,2010-08-19T14:38:51Z,1904,5
1919,11,2010-08-19T17:14:39Z,1904,0
1920,11,2010-08-19T17:19:52Z,1904,0
1926,279,2010-08-19T18:43:16Z,1904,4
1938,159,2010-08-20T00:23:03Z,1904,2
3347,1499,2010-10-05T15:08:21Z,1904,1
20640,8360,2012-01-05T19:49:03Z,1904,2
22990,3903,2012-02-16T19:11:56Z,1904,0
22996,8605,2012-02-16T19:54:25Z,1904,0
23008,8391,2012-02-16T22:03:09Z,1904,0
1907,5,2010-08-19T13:40:35Z,1906,8
1960,NA,2010-08-20T16:54:44Z,1906,1
2293,NA,2010-09-02T01:10:36Z,1906,5
5513,NA,2010-12-15T12:47:51Z,1906,1
5518,795,2010-12-15T17:28:47Z,1906,2
15806,6396,2011-09-20T18:06:16Z,1906,2
15830,1106,2011-09-21T08:22:27Z,1906,2
15857,1913,2011-09-21T18:09:23Z,1906,2
18130,3248,2011-11-09T10:39:13Z,1906,1
18146,7046,2011-11-09T15:07:13Z,1906,0
19415,7828,2011-12-06T09:02:17Z,1906,0
19418,7828,2011-12-06T09:09:33Z,1906,0
19421,7828,2011-12-06T09:31:52Z,1906,0
1959,919,2010-08-20T16:52:39Z,1912,3
1991,666,2010-08-21T21:34:42Z,1912,2
2120,NA,2010-08-25T21:58:52Z,1912,1
1916,919,2010-08-19T16:31:49Z,1914,3
1917,251,2010-08-19T16:59:14Z,1915,6
41204,16260,2012-10-25T19:11:15Z,1915,5
1924,NA,2010-08-19T18:29:24Z,1923,1
2509,352,2010-09-09T12:02:48Z,1923,4
1928,251,2010-08-19T19:48:16Z,1927,15
1929,NA,2010-08-19T19:53:51Z,1927,0
1931,919,2010-08-19T20:58:59Z,1927,10
1947,223,2010-08-20T09:52:03Z,1927,13
1948,603,2010-08-20T10:05:35Z,1927,3
2054,1068,2010-08-23T18:34:05Z,1927,5
2078,511,2010-08-24T19:25:14Z,1927,6
1937,NA,2010-08-20T00:20:49Z,1935,3
1939,521,2010-08-20T00:35:28Z,1935,7
1940,251,2010-08-20T01:08:12Z,1935,7
1950,88,2010-08-20T11:16:27Z,1935,2
1952,364,2010-08-20T12:52:31Z,1935,3
1957,919,2010-08-20T14:37:06Z,1935,6
2020,183,2010-08-22T10:30:13Z,1935,2
1951,364,2010-08-20T12:28:09Z,1942,2
1990,930,2010-08-21T21:24:35Z,1942,4
2005,5186,2010-08-22T03:05:50Z,1942,4
1945,251,2010-08-20T08:42:39Z,1944,6
1946,88,2010-08-20T08:45:26Z,1944,3
1956,NA,2010-08-20T14:08:11Z,1955,4
1958,5,2010-08-20T15:35:33Z,1955,3
1962,251,2010-08-20T17:38:51Z,1961,1
1975,603,2010-08-20T22:45:24Z,1961,3
1981,183,2010-08-21T05:30:40Z,1961,4
1976,561,2010-08-20T23:58:49Z,1963,9
1979,183,2010-08-21T04:42:39Z,1963,7
2270,266,2010-09-01T12:21:52Z,1963,8
18632,2669,2011-11-19T15:44:36Z,1963,2
2452,795,2010-09-07T21:40:03Z,1964,2
6319,559,2011-01-17T17:18:11Z,1964,2
1969,795,2010-08-20T20:51:48Z,1966,3
1973,603,2010-08-20T22:35:55Z,1966,2
1977,881,2010-08-21T00:00:26Z,1966,3
1978,881,2010-08-21T00:04:13Z,1966,3
6447,2392,2011-01-22T00:50:41Z,1966,1
1989,930,2010-08-21T21:19:39Z,1970,2
1974,253,2010-08-20T22:40:51Z,1972,2
1986,919,2010-08-21T17:13:07Z,1972,0
1982,251,2010-08-21T05:47:09Z,1980,6
1983,5,2010-08-21T07:15:43Z,1980,3
1984,88,2010-08-21T07:30:48Z,1980,3
1985,334,2010-08-21T14:03:03Z,1980,12
1993,8,2010-08-21T21:59:56Z,1980,7
2308,319,2010-09-02T11:15:56Z,1980,9
4236,1820,2010-11-05T12:26:45Z,1980,2
4427,183,2010-11-11T06:22:29Z,1980,8
4459,909,2010-11-11T21:30:55Z,1980,9
5882,183,2011-01-01T10:35:17Z,1980,3
11992,183,2011-06-16T15:12:17Z,1980,4
13575,183,2011-07-28T07:11:43Z,1980,5
13576,1549,2011-07-28T08:08:34Z,1980,10
14996,317,2011-08-31T01:51:26Z,1980,4
1997,251,2010-08-22T00:40:31Z,1995,17
1999,NA,2010-08-22T01:04:54Z,1995,4
2004,1036,2010-08-22T02:48:20Z,1995,15
5425,1945,2010-12-13T05:08:35Z,1995,7
5426,199,2010-12-13T07:47:49Z,1995,4
5442,96,2010-12-13T19:08:53Z,1995,6
11104,2392,2011-05-22T04:40:26Z,1995,6
44006,16989,2012-11-20T05:01:28Z,1995,1
2000,NA,2010-08-22T01:22:31Z,1998,2
2001,601,2010-08-22T02:10:22Z,1998,4
2006,485,2010-08-22T03:11:06Z,1998,2
2018,183,2010-08-22T10:19:09Z,1998,0
2064,401,2010-08-24T06:38:43Z,1998,3
20993,8498,2012-01-12T17:37:53Z,1998,1
